request,Candidate:token,Candidate:id,Candidate,Candidate_Entity:token,Candidate_Entity:id,Candidate_Entity,Election_Status:token,Election_Status:id,Election_Status,Status_of_Candidate:token,Status_of_Candidate:id,Status_of_Candidate,Specific_Party:token,Specific_Party:id,Specific_Party,General_Party:token,General_Party:id,General_Party,Election_Jurisdiction:token,Election_Jurisdiction:id,Election_Jurisdiction,Election_Year:token,Election_Year:id,Election_Year,Election_Type:token,Election_Type:id,Election_Type,Office_Sought:token,Office_Sought:id,Office_Sought,Incumbency_Status:token,Incumbency_Status:id,Incumbency_Status,General_Office:token,General_Office:id,General_Office,#_of_Records,Total_$
dt=1&s=WI&y=2024&c-exi=1&c-r-ot=H&c-t-id=420064&c-r-ot=H,c-t-id,420064,"BIRD, LUANN",c-t-eid,42927563,"BIRD, LUANN",c-t-ftsts,Lost-General,Lost-General,c-t-sts,2,Lost,c-t-pt,33,DEMOCRATIC,c-t-p,1,Democratic,s,WI,WI,y,2024,2024,c-r-t,1,Standard,c-r-osid,8707,"ASSEMBLY DISTRICT 061",c-t-ico,C,Challenger,c-r-ot,H,"State House/Assembly",5691,2285124.88
dt=1&s=WI&y=2024&c-exi=1&c-r-ot=H&c-t-id=419958&c-r-ot=H,c-t-id,419958,"MARSTELLAR, DAVID L",c-t-eid,45431098,"MARSTELLAR, DAVID L",c-t-ftsts,Lost-General,Lost-General,c-t-sts,2,Lost,c-t-pt,33,DEMOCRATIC,c-t-p,1,Democratic,s,WI,WI,y,2024,2024,c-r-t,1,Standard,c-r-osid,8667,"ASSEMBLY DISTRICT 021",c-t-ico,C,Challenger,c-r-ot,H,"State House/Assembly",5709,2224745.60
dt=1&s=WI&y=2024&c-exi=1&c-r-ot=H&c-t-id=420144&c-r-ot=H,c-t-id,420144,"SPAUDE, RYAN",c-t-eid,59984544,"SPAUDE, RYAN",c-t-ftsts,Won-General,Won-General,c-t-sts,1,Won,c-t-pt,33,DEMOCRATIC,c-t-p,1,Democratic,s,WI,WI,y,2024,2024,c-r-t,1,Standard,c-r-osid,8735,"ASSEMBLY DISTRICT 089",c-t-ico,O,Open,c-r-ot,H,"State House/Assembly",4476,1967705.72
dt=1&s=WI&y=2024&c-exi=1&c-r-ot=H&c-t-id=419981&c-r-ot=H,c-t-id,419981,"PAGE, ALISON H",c-t-eid,3257451,"PAGE, ALISON H",c-t-ftsts,Lost-General,Lost-General,c-t-sts,2,Lost,c-t-pt,33,DEMOCRATIC,c-t-p,1,Democratic,s,WI,WI,y,2024,2024,c-r-t,1,Standard,c-r-osid,8676,"ASSEMBLY DISTRICT 030",c-t-ico,C,Challenger,c-r-ot,H,"State House/Assembly",5316,1748358.88
dt=1&s=WI&y=2024&c-exi=1&c-r-ot=H&c-t-id=420042&c-r-ot=H,c-t-id,420042,"SHUKOSKI, DUANE J",c-t-eid,59984498,"SHUKOSKI, DUANE J",c-t-ftsts,Pending-General,Pending-General,c-t-sts,4,Pending,c-t-pt,33,DEMOCRATIC,c-t-p,1,Democratic,s,WI,WI,y,2024,2024,c-r-t,1,Standard,c-r-osid,8699,"ASSEMBLY DISTRICT 053",c-t-ico,O,Open,c-r-ot,H,"State House/Assembly",3707,1656603.89
dt=1&s=WI&y=2024&c-exi=1&c-r-ot=H&c-t-id=420131&c-r-ot=H,c-t-id,420131,"XIONG, YEE LENG",c-t-eid,59984539,"XIONG, YEE LENG",c-t-ftsts,Lost-General,Lost-General,c-t-sts,2,Lost,c-t-pt,33,DEMOCRATIC,c-t-p,1,Democratic,s,WI,WI,y,2024,2024,c-r-t,1,Standard,c-r-osid,8731,"ASSEMBLY DISTRICT 085",c-t-ico,C,Challenger,c-r-ot,H,"State House/Assembly",5745,1653174.57
dt=1&s=WI&y=2024&c-exi=1&c-r-ot=H&c-t-id=420142&c-r-ot=H,c-t-id,420142,"WELCH, CHRISTY",c-t-eid,59984543,"WELCH, CHRISTY",c-t-ftsts,Pending-General,Pending-General,c-t-sts,4,Pending,c-t-pt,33,DEMOCRATIC,c-t-p,1,Democratic,s,WI,WI,y,2024,2024,c-r-t,1,Standard,c-r-osid,8734,"ASSEMBLY DISTRICT 088",c-t-ico,O,Open,c-r-ot,H,"State House/Assembly",6137,1628763.57
dt=1&s=WI&y=2024&c-exi=1&c-r-ot=H&c-t-id=419970&c-r-ot=H,c-t-id,419970,"SHEEHAN, JOE",c-t-eid,42680742,"SHEEHAN, JOE",c-t-ftsts,Won-General,Won-General,c-t-sts,1,Won,c-t-pt,33,DEMOCRATIC,c-t-p,1,Democratic,s,WI,WI,y,2024,2024,c-r-t,1,Standard,c-r-osid,8672,"ASSEMBLY DISTRICT 026",c-t-ico,C,Challenger,c-r-ot,H,"State House/Assembly",3426,1575421.02
dt=1&s=WI&y=2024&c-exi=1&c-r-ot=H&c-t-id=420157&c-r-ot=H,c-t-id,420157,"DOYLE, STEVE",c-t-eid,6513549,"DOYLE, STEVE",c-t-ftsts,Pending-General,Pending-General,c-t-sts,4,Pending,c-t-pt,33,DEMOCRATIC,c-t-p,1,Democratic,s,WI,WI,y,2024,2024,c-r-t,1,Standard,c-r-osid,8740,"ASSEMBLY DISTRICT 094",c-t-ico,I,Incumbent,c-r-ot,H,"State House/Assembly",4098,1463794.16
dt=1&s=WI&y=2024&c-exi=1&c-r-ot=H&c-t-id=419959&c-r-ot=H,c-t-id,419959,"RODRIGUEZ, YESENIA EDELMIRA (JESSIE)",c-t-eid,18912418,"RODRIGUEZ, YESENIA EDELMIRA (JESSIE)",c-t-ftsts,Won-General,Won-General,c-t-sts,1,Won,c-t-pt,139,REPUBLICAN,c-t-p,2,Republican,s,WI,WI,y,2024,2024,c-r-t,1,Standard,c-r-osid,8667,"ASSEMBLY DISTRICT 021",c-t-ico,I,Incumbent,c-r-ot,H,"State House/Assembly",442,1124910.34
dt=1&s=WI&y=2024&c-exi=1&c-r-ot=H&c-t-id=420063&c-r-ot=H,c-t-id,420063,"DONOVAN, BOB",c-t-eid,55649705,"DONOVAN, BOB",c-t-ftsts,Won-General,Won-General,c-t-sts,1,Won,c-t-pt,139,REPUBLICAN,c-t-p,2,Republican,s,WI,WI,y,2024,2024,c-r-t,1,Standard,c-r-osid,8707,"ASSEMBLY DISTRICT 061",c-t-ico,I,Incumbent,c-r-ot,H,"State House/Assembly",669,1037892.30
dt=1&s=WI&y=2024&c-exi=1&c-r-ot=H&c-t-id=419982&c-r-ot=H,c-t-id,419982,"ZIMMERMAN, SHANNON",c-t-eid,40609738,"ZIMMERMAN, SHANNON",c-t-ftsts,Won-General,Won-General,c-t-sts,1,Won,c-t-pt,139,REPUBLICAN,c-t-p,2,Republican,s,WI,WI,y,2024,2024,c-r-t,1,Standard,c-r-osid,8676,"ASSEMBLY DISTRICT 030",c-t-ico,I,Incumbent,c-r-ot,H,"State House/Assembly",435,953313.48
dt=1&s=WI&y=2024&c-exi=1&c-r-ot=H&c-t-id=420132&c-r-ot=H,c-t-id,420132,"SNYDER, PATRICK J",c-t-eid,3030079,"SNYDER, PATRICK J",c-t-ftsts,Won-General,Won-General,c-t-sts,1,Won,c-t-pt,139,REPUBLICAN,c-t-p,2,Republican,s,WI,WI,y,2024,2024,c-r-t,1,Standard,c-r-osid,8731,"ASSEMBLY DISTRICT 085",c-t-ico,I,Incumbent,c-r-ot,H,"State House/Assembly",367,852381.35
dt=1&s=WI&y=2024&c-exi=1&c-r-ot=H&c-t-id=420043&c-r-ot=H,c-t-id,420043,"KAUFERT, DEAN R",c-t-eid,13009602,"KAUFERT, DEAN R",c-t-ftsts,Pending-General,Pending-General,c-t-sts,4,Pending,c-t-pt,139,REPUBLICAN,c-t-p,2,Republican,s,WI,WI,y,2024,2024,c-r-t,1,Standard,c-r-osid,8699,"ASSEMBLY DISTRICT 053",c-t-ico,O,Open,c-r-ot,H,"State House/Assembly",138,814692.88
dt=1&s=WI&y=2024&c-exi=1&c-r-ot=H&c-t-id=419988&c-r-ot=H,c-t-id,419988,"VOS, ROBIN J",c-t-eid,3217195,"VOS, ROBIN J",c-t-ftsts,Won-General,Won-General,c-t-sts,1,Won,c-t-pt,139,REPUBLICAN,c-t-p,2,Republican,s,WI,WI,y,2024,2024,c-r-t,1,Standard,c-r-osid,8679,"ASSEMBLY DISTRICT 033",c-t-ico,I,Incumbent,c-r-ot,H,"State House/Assembly",1084,794180.00
dt=1&s=WI&y=2024&c-exi=1&c-r-ot=H&c-t-id=420145&c-r-ot=H,c-t-id,420145,"BUCKLEY, PATRICK",c-t-eid,52329586,"BUCKLEY, PATRICK",c-t-ftsts,Lost-General,Lost-General,c-t-sts,2,Lost,c-t-pt,139,REPUBLICAN,c-t-p,2,Republican,s,WI,WI,y,2024,2024,c-r-t,1,Standard,c-r-osid,8735,"ASSEMBLY DISTRICT 089",c-t-ico,O,Open,c-r-ot,H,"State House/Assembly",266,791718.78
dt=1&s=WI&y=2024&c-exi=1&c-r-ot=H&c-t-id=420148&c-r-ot=H,c-t-id,420148,"EMERSON, JODI",c-t-eid,44265081,"EMERSON, JODI",c-t-ftsts,Won-General,Won-General,c-t-sts,1,Won,c-t-pt,33,DEMOCRATIC,c-t-p,1,Democratic,s,WI,WI,y,2024,2024,c-r-t,1,Standard,c-r-osid,8737,"ASSEMBLY DISTRICT 091",c-t-ico,I,Incumbent,c-r-ot,H,"State House/Assembly",2640,688290.36
dt=1&s=WI&y=2024&c-exi=1&c-r-ot=H&c-t-id=420156&c-r-ot=H,c-t-id,420156,"HUEBSCH, RYAN",c-t-eid,55649715,"HUEBSCH, RYAN",c-t-ftsts,Pending-General,Pending-General,c-t-sts,4,Pending,c-t-pt,139,REPUBLICAN,c-t-p,2,Republican,s,WI,WI,y,2024,2024,c-r-t,1,Standard,c-r-osid,8740,"ASSEMBLY DISTRICT 094",c-t-ico,C,Challenger,c-r-ot,H,"State House/Assembly",400,675620.66
dt=1&s=WI&y=2024&c-exi=1&c-r-ot=H&c-t-id=420038&c-r-ot=H,c-t-id,420038,"NOVAK, TODD D",c-t-eid,3758634,"NOVAK, TODD D",c-t-ftsts,Won-General,Won-General,c-t-sts,1,Won,c-t-pt,139,REPUBLICAN,c-t-p,2,Republican,s,WI,WI,y,2024,2024,c-r-t,1,Standard,c-r-osid,8697,"ASSEMBLY DISTRICT 051",c-t-ico,I,Incumbent,c-r-ot,H,"State House/Assembly",317,651593.03
dt=1&s=WI&y=2024&c-exi=1&c-r-ot=H&c-t-id=420141&c-r-ot=H,c-t-id,420141,"FRANKLIN, BENJAMIN",c-t-eid,59984542,"FRANKLIN, BENJAMIN",c-t-ftsts,Pending-General,Pending-General,c-t-sts,4,Pending,c-t-pt,139,REPUBLICAN,c-t-p,2,Republican,s,WI,WI,y,2024,2024,c-r-t,1,Standard,c-r-osid,8734,"ASSEMBLY DISTRICT 088",c-t-ico,O,Open,c-r-ot,H,"State House/Assembly",122,611204.70
dt=1&s=WI&y=2024&c-exi=1&c-r-ot=H&c-t-id=420037&c-r-ot=H,c-t-id,420037,"GRABE, ELIZABETH",c-t-eid,59984496,"GRABE, ELIZABETH",c-t-ftsts,Lost-General,Lost-General,c-t-sts,2,Lost,c-t-pt,33,DEMOCRATIC,c-t-p,1,Democratic,s,WI,WI,y,2024,2024,c-r-t,1,Standard,c-r-osid,8697,"ASSEMBLY DISTRICT 051",c-t-ico,C,Challenger,c-r-ot,H,"State House/Assembly",1935,583253.93
dt=1&s=WI&y=2024&c-exi=1&c-r-ot=H&c-t-id=420149&c-r-ot=H,c-t-id,420149,"SKINNER, MICHELE MAGADANCE",c-t-eid,59984547,"SKINNER, MICHELE MAGADANCE",c-t-ftsts,Lost-General,Lost-General,c-t-sts,2,Lost,c-t-pt,139,REPUBLICAN,c-t-p,2,Republican,s,WI,WI,y,2024,2024,c-r-t,1,Standard,c-r-osid,8737,"ASSEMBLY DISTRICT 091",c-t-ico,C,Challenger,c-r-ot,H,"State House/Assembly",271,448768.44
dt=1&s=WI&y=2024&c-exi=1&c-r-ot=H&c-t-id=420151&c-r-ot=H,c-t-id,420151,"MOSES, CLINT P",c-t-eid,50058159,"MOSES, CLINT P",c-t-ftsts,Won-General,Won-General,c-t-sts,1,Won,c-t-pt,139,REPUBLICAN,c-t-p,2,Republican,s,WI,WI,y,2024,2024,c-r-t,1,Standard,c-r-osid,8738,"ASSEMBLY DISTRICT 092",c-t-ico,I,Incumbent,c-r-ot,H,"State House/Assembly",444,403929.60
dt=1&s=WI&y=2024&c-exi=1&c-r-ot=H&c-t-id=419971&c-r-ot=H,c-t-id,419971,"BINSFELD, AMY",c-t-eid,34419559,"BINSFELD, AMY",c-t-ftsts,Lost-General,Lost-General,c-t-sts,2,Lost,c-t-pt,139,REPUBLICAN,c-t-p,2,Republican,s,WI,WI,y,2024,2024,c-r-t,1,Standard,c-r-osid,8672,"ASSEMBLY DISTRICT 026",c-t-ico,I,Incumbent,c-r-ot,H,"State House/Assembly",342,350357.44
dt=1&s=WI&y=2024&c-exi=1&c-r-ot=H&c-t-id=419983&c-r-ot=H,c-t-id,419983,"AUGUST, TYLER",c-t-eid,59984475,"AUGUST, TYLER",c-t-ftsts,Won-General,Won-General,c-t-sts,1,Won,c-t-pt,139,REPUBLICAN,c-t-p,2,Republican,s,WI,WI,y,2024,2024,c-r-t,1,Standard,c-r-osid,8677,"ASSEMBLY DISTRICT 031",c-t-ico,I,Incumbent,c-r-ot,H,"State House/Assembly",973,313246.80
dt=1&s=WI&y=2024&c-exi=1&c-r-ot=H&c-t-id=420093&c-r-ot=H,c-t-id,420093,"MIRESSE, VINNIE",c-t-eid,59984522,"MIRESSE, VINNIE",c-t-ftsts,Won-General,Won-General,c-t-sts,1,Won,c-t-pt,33,DEMOCRATIC,c-t-p,1,Democratic,s,WI,WI,y,2024,2024,c-r-t,1,Standard,c-r-osid,8717,"ASSEMBLY DISTRICT 071",c-t-ico,O,Open,c-r-ot,H,"State House/Assembly",1262,290967.74
dt=1&s=WI&y=2024&c-exi=1&c-r-ot=H&c-t-id=420162&c-r-ot=H,c-t-id,420162,"OLDENBURG, LOREN",c-t-eid,45364232,"OLDENBURG, LOREN",c-t-ftsts,Lost-General,Lost-General,c-t-sts,2,Lost,c-t-pt,139,REPUBLICAN,c-t-p,2,Republican,s,WI,WI,y,2024,2024,c-r-t,1,Standard,c-r-osid,8742,"ASSEMBLY DISTRICT 096",c-t-ico,I,Incumbent,c-r-ot,H,"State House/Assembly",310,262155.64
dt=1&s=WI&y=2024&c-exi=1&c-r-ot=H&c-t-id=419999&c-r-ot=H,c-t-id,419999,"BORN, MARK L",c-t-eid,13736030,"BORN, MARK L",c-t-ftsts,Won-General,Won-General,c-t-sts,1,Won,c-t-pt,139,REPUBLICAN,c-t-p,2,Republican,s,WI,WI,y,2024,2024,c-r-t,1,Standard,c-r-osid,8683,"ASSEMBLY DISTRICT 037",c-t-ico,I,Incumbent,c-r-ot,H,"State House/Assembly",944,221973.01
dt=1&s=WI&y=2024&c-exi=1&c-r-ot=H&c-t-id=420076&c-r-ot=H,c-t-id,420076,"NEUBAUER, GRETCHEN STEPHENS (GRETA)",c-t-eid,44074858,"NEUBAUER, GRETCHEN STEPHENS (GRETA)",c-t-ftsts,Won-General,Won-General,c-t-sts,1,Won,c-t-pt,33,DEMOCRATIC,c-t-p,1,Democratic,s,WI,WI,y,2024,2024,c-r-t,1,Standard,c-r-osid,8712,"ASSEMBLY DISTRICT 066",c-t-ico,I,Incumbent,c-r-ot,H,"State House/Assembly",1108,210320.98
dt=1&s=WI&y=2024&c-exi=1&c-r-ot=H&c-t-id=420152&c-r-ot=H,c-t-id,420152,"PLOUFF, JOE",c-t-eid,59698041,"PLOUFF, JOE",c-t-ftsts,Lost-General,Lost-General,c-t-sts,2,Lost,c-t-pt,33,DEMOCRATIC,c-t-p,1,Democratic,s,WI,WI,y,2024,2024,c-r-t,1,Standard,c-r-osid,8738,"ASSEMBLY DISTRICT 092",c-t-ico,C,Challenger,c-r-ot,H,"State House/Assembly",795,190967.09
dt=1&s=WI&y=2024&c-exi=1&c-r-ot=H&c-t-id=420011&c-r-ot=H,c-t-id,420011,"KURTZ, ANTHONY M (TONY)",c-t-eid,18227303,"KURTZ, ANTHONY M (TONY)",c-t-ftsts,Won-General,Won-General,c-t-sts,1,Won,c-t-pt,139,REPUBLICAN,c-t-p,2,Republican,s,WI,WI,y,2024,2024,c-r-t,1,Standard,c-r-osid,8687,"ASSEMBLY DISTRICT 041",c-t-ico,I,Incumbent,c-r-ot,H,"State House/Assembly",857,182786.09
dt=1&s=WI&y=2024&c-exi=1&c-r-ot=H&c-t-id=420009&c-r-ot=H,c-t-id,420009,"DESANTO, KAREN",c-t-eid,59984488,"DESANTO, KAREN",c-t-ftsts,Won-General,Won-General,c-t-sts,1,Won,c-t-pt,33,DEMOCRATIC,c-t-p,1,Democratic,s,WI,WI,y,2024,2024,c-r-t,1,Standard,c-r-osid,8686,"ASSEMBLY DISTRICT 040",c-t-ico,O,Open,c-r-ot,H,"State House/Assembly",544,177553.55
dt=1&s=WI&y=2024&c-exi=1&c-r-ot=H&c-t-id=419919&c-r-ot=H,c-t-id,419919,"SCHMIDT, PETER",c-t-eid,25789790,"SCHMIDT, PETER",c-t-ftsts,Lost-Primary,Lost-Primary,c-t-sts,2,Lost,c-t-pt,139,REPUBLICAN,c-t-p,2,Republican,s,WI,WI,y,2024,2024,c-r-t,1,Standard,c-r-osid,8652,"ASSEMBLY DISTRICT 006",c-t-ico,I,Incumbent,c-r-ot,H,"State House/Assembly",185,169169.04
dt=1&s=WI&y=2024&c-exi=1&c-r-ot=H&c-t-id=420161&c-r-ot=H,c-t-id,420161,"JOHNSON, TARA",c-t-eid,2593455,"JOHNSON, TARA",c-t-ftsts,Won-General,Won-General,c-t-sts,1,Won,c-t-pt,33,DEMOCRATIC,c-t-p,1,Democratic,s,WI,WI,y,2024,2024,c-r-t,1,Standard,c-r-osid,8742,"ASSEMBLY DISTRICT 096",c-t-ico,I,Incumbent,c-r-ot,H,"State House/Assembly",774,166093.15
dt=1&s=WI&y=2024&c-exi=1&c-r-ot=H&c-t-id=420153&c-r-ot=H,c-t-id,420153,"PHELPS, CHRISTIAN",c-t-eid,59984549,"PHELPS, CHRISTIAN",c-t-ftsts,Won-General,Won-General,c-t-sts,1,Won,c-t-pt,33,DEMOCRATIC,c-t-p,1,Democratic,s,WI,WI,y,2024,2024,c-r-t,1,Standard,c-r-osid,8739,"ASSEMBLY DISTRICT 093",c-t-ico,O,Open,c-r-ot,H,"State House/Assembly",989,163755.67
dt=1&s=WI&y=2024&c-exi=1&c-r-ot=H&c-t-id=420054&c-r-ot=H,c-t-id,420054,"PETERSEN, KEVIN DAVID",c-t-eid,2931625,"PETERSEN, KEVIN DAVID",c-t-ftsts,Won-General,Won-General,c-t-sts,1,Won,c-t-pt,139,REPUBLICAN,c-t-p,2,Republican,s,WI,WI,y,2024,2024,c-r-t,1,Standard,c-r-osid,8703,"ASSEMBLY DISTRICT 057",c-t-ico,I,Incumbent,c-r-ot,H,"State House/Assembly",396,157508.71
dt=1&s=WI&y=2024&c-exi=1&c-r-ot=H&c-t-id=419963&c-r-ot=H,c-t-id,419963,"ANDRACA, DEBORAH",c-t-eid,15682895,"ANDRACA, DEBORAH",c-t-ftsts,Won-General,Won-General,c-t-sts,1,Won,c-t-pt,33,DEMOCRATIC,c-t-p,1,Democratic,s,WI,WI,y,2024,2024,c-r-t,1,Standard,c-r-osid,8669,"ASSEMBLY DISTRICT 023",c-t-ico,I,Incumbent,c-r-ot,H,"State House/Assembly",1075,146128.13
dt=1&s=WI&y=2024&c-exi=1&c-r-ot=H&c-t-id=420004&c-r-ot=H,c-t-id,420004,"DALLMAN, ALEX",c-t-eid,57810957,"DALLMAN, ALEX",c-t-ftsts,Won-General,Won-General,c-t-sts,1,Won,c-t-pt,139,REPUBLICAN,c-t-p,2,Republican,s,WI,WI,y,2024,2024,c-r-t,1,Standard,c-r-osid,8685,"ASSEMBLY DISTRICT 039",c-t-ico,I,Incumbent,c-r-ot,H,"State House/Assembly",588,138535.00
dt=1&s=WI&y=2024&c-exi=1&c-r-ot=H&c-t-id=419912&c-r-ot=H,c-t-id,419912,"STEFFEN, DAVID J",c-t-eid,2640722,"STEFFEN, DAVID J",c-t-ftsts,Won-General,Won-General,c-t-sts,1,Won,c-t-pt,139,REPUBLICAN,c-t-p,2,Republican,s,WI,WI,y,2024,2024,c-r-t,1,Standard,c-r-osid,8650,"ASSEMBLY DISTRICT 004",c-t-ico,I,Incumbent,c-r-ot,H,"State House/Assembly",296,135332.05
dt=1&s=WI&y=2024&c-exi=1&c-r-ot=H&c-t-id=420070&c-r-ot=H,c-t-id,420070,"MCGUIRE, TIP",c-t-eid,47189370,"MCGUIRE, TIP",c-t-ftsts,Won-General,Won-General,c-t-sts,1,Won,c-t-pt,33,DEMOCRATIC,c-t-p,1,Democratic,s,WI,WI,y,2024,2024,c-r-t,1,Standard,c-r-osid,8710,"ASSEMBLY DISTRICT 064",c-t-ico,I,Incumbent,c-r-ot,H,"State House/Assembly",604,127254.49
dt=1&s=WI&y=2024&c-exi=1&c-r-ot=H&c-t-id=420016&c-r-ot=H,c-t-id,420016,"BROWN, BRIENNE",c-t-eid,55649624,"BROWN, BRIENNE",c-t-ftsts,Won-General,Won-General,c-t-sts,1,Won,c-t-pt,33,DEMOCRATIC,c-t-p,1,Democratic,s,WI,WI,y,2024,2024,c-r-t,1,Standard,c-r-osid,8689,"ASSEMBLY DISTRICT 043",c-t-ico,C,Challenger,c-r-ot,H,"State House/Assembly",584,126689.67
dt=1&s=WI&y=2024&c-exi=1&c-r-ot=H&c-t-id=420113&c-r-ot=H,c-t-id,420113,"MAYADEV, RENUKA",c-t-eid,59984533,"MAYADEV, RENUKA",c-t-ftsts,"Default Winner-General","Default Winner-General",c-t-sts,9,"Default Winner",c-t-pt,33,DEMOCRATIC,c-t-p,1,Democratic,s,WI,WI,y,2024,2024,c-r-t,1,Standard,c-r-osid,8723,"ASSEMBLY DISTRICT 077",c-t-ico,O,Open,c-r-ot,H,"State House/Assembly",498,121045.52
dt=1&s=WI&y=2024&c-exi=1&c-r-ot=H&c-t-id=420040&c-r-ot=H,c-t-id,420040,"SNODGRASS, LEE",c-t-eid,53783758,"SNODGRASS, LEE",c-t-ftsts,Won-General,Won-General,c-t-sts,1,Won,c-t-pt,33,DEMOCRATIC,c-t-p,1,Democratic,s,WI,WI,y,2024,2024,c-r-t,1,Standard,c-r-osid,8698,"ASSEMBLY DISTRICT 052",c-t-ico,I,Incumbent,c-r-ot,H,"State House/Assembly",1857,115050.30
dt=1&s=WI&y=2024&c-exi=1&c-r-ot=H&c-t-id=420086&c-r-ot=H,c-t-id,420086,"HURD, KAREN",c-t-eid,59984517,"HURD, KAREN",c-t-ftsts,Won-General,Won-General,c-t-sts,1,Won,c-t-pt,139,REPUBLICAN,c-t-p,2,Republican,s,WI,WI,y,2024,2024,c-r-t,1,Standard,c-r-osid,8715,"ASSEMBLY DISTRICT 069",c-t-ico,I,Incumbent,c-r-ot,H,"State House/Assembly",245,112924.31
dt=1&s=WI&y=2024&c-exi=1&c-r-ot=H&c-t-id=420139&c-r-ot=H,c-t-id,420139,"JACOBSON, BRENT",c-t-eid,44290818,"JACOBSON, BRENT",c-t-ftsts,Won-General,Won-General,c-t-sts,1,Won,c-t-pt,139,REPUBLICAN,c-t-p,2,Republican,s,WI,WI,y,2024,2024,c-r-t,1,Standard,c-r-osid,8733,"ASSEMBLY DISTRICT 087",c-t-ico,I,Incumbent,c-r-ot,H,"State House/Assembly",180,111511.54
dt=1&s=WI&y=2024&c-exi=1&c-r-ot=H&c-t-id=420083&c-r-ot=H,c-t-id,420083,"SUMMERFIELD, ROBERT LEE",c-t-eid,16073893,"SUMMERFIELD, ROBERT LEE",c-t-ftsts,Won-General,Won-General,c-t-sts,1,Won,c-t-pt,139,REPUBLICAN,c-t-p,2,Republican,s,WI,WI,y,2024,2024,c-r-t,1,Standard,c-r-osid,8714,"ASSEMBLY DISTRICT 068",c-t-ico,I,Incumbent,c-r-ot,H,"State House/Assembly",296,105333.00
dt=1&s=WI&y=2024&c-exi=1&c-r-ot=H&c-t-id=420018&c-r-ot=H,c-t-id,420018,"ROE, ANN",c-t-eid,15404488,"ROE, ANN",c-t-ftsts,Won-General,Won-General,c-t-sts,1,Won,c-t-pt,33,DEMOCRATIC,c-t-p,1,Democratic,s,WI,WI,y,2024,2024,c-r-t,1,Standard,c-r-osid,8690,"ASSEMBLY DISTRICT 044",c-t-ico,O,Open,c-r-ot,H,"State House/Assembly",427,102519.59
dt=1&s=WI&y=2024&c-exi=1&c-r-ot=H&c-t-id=420159&c-r-ot=H,c-t-id,420159,"BILLINGS, JILL E",c-t-eid,2919395,"BILLINGS, JILL E",c-t-ftsts,Won-General,Won-General,c-t-sts,1,Won,c-t-pt,33,DEMOCRATIC,c-t-p,1,Democratic,s,WI,WI,y,2024,2024,c-r-t,1,Standard,c-r-osid,8741,"ASSEMBLY DISTRICT 095",c-t-ico,I,Incumbent,c-r-ot,H,"State House/Assembly",884,101481.84
dt=1&s=WI&y=2024&c-exi=1&c-r-ot=H&c-t-id=420026&c-r-ot=H,c-t-id,420026,"UDELL, RANDY",c-t-eid,15157465,"UDELL, RANDY",c-t-ftsts,"Default Winner-General","Default Winner-General",c-t-sts,9,"Default Winner",c-t-pt,33,DEMOCRATIC,c-t-p,1,Democratic,s,WI,WI,y,2024,2024,c-r-t,1,Standard,c-r-osid,8693,"ASSEMBLY DISTRICT 047",c-t-ico,O,Open,c-r-ot,H,"State House/Assembly",198,100866.15
dt=1&s=WI&y=2024&c-exi=1&c-r-ot=H&c-t-id=419966&c-r-ot=H,c-t-id,419966,"KNODL, DAN",c-t-eid,2929308,"KNODL, DAN",c-t-ftsts,Won-General,Won-General,c-t-sts,1,Won,c-t-pt,139,REPUBLICAN,c-t-p,2,Republican,s,WI,WI,y,2024,2024,c-r-t,1,Standard,c-r-osid,8670,"ASSEMBLY DISTRICT 024",c-t-ico,O,Open,c-r-ot,H,"State House/Assembly",317,97347.19
dt=1&s=WI&y=2024&c-exi=1&c-r-ot=H&c-t-id=420122&c-r-ot=H,c-t-id,420122,"BARE, MIKE",c-t-eid,26342932,"BARE, MIKE",c-t-ftsts,Won-General,Won-General,c-t-sts,1,Won,c-t-pt,33,DEMOCRATIC,c-t-p,1,Democratic,s,WI,WI,y,2024,2024,c-r-t,1,Standard,c-r-osid,8726,"ASSEMBLY DISTRICT 080",c-t-ico,I,Incumbent,c-r-ot,H,"State House/Assembly",606,93844.65
dt=1&s=WI&y=2024&c-exi=1&c-r-ot=H&c-t-id=419993&c-r-ot=H,c-t-id,419993,"SWEARINGEN, ROBERT M",c-t-eid,3065787,"SWEARINGEN, ROBERT M",c-t-ftsts,Won-General,Won-General,c-t-sts,1,Won,c-t-pt,139,REPUBLICAN,c-t-p,2,Republican,s,WI,WI,y,2024,2024,c-r-t,1,Standard,c-r-osid,8680,"ASSEMBLY DISTRICT 034",c-t-ico,I,Incumbent,c-r-ot,H,"State House/Assembly",364,88660.50
dt=1&s=WI&y=2024&c-exi=1&c-r-ot=H&c-t-id=420007&c-r-ot=H,c-t-id,420007,"KUNICKI, KYLE",c-t-eid,59984486,"KUNICKI, KYLE",c-t-ftsts,Lost-Primary,Lost-Primary,c-t-sts,2,Lost,c-t-pt,33,DEMOCRATIC,c-t-p,1,Democratic,s,WI,WI,y,2024,2024,c-r-t,1,Standard,c-r-osid,8686,"ASSEMBLY DISTRICT 040",c-t-ico,O,Open,c-r-ot,H,"State House/Assembly",276,87040.03
dt=1&s=WI&y=2024&c-exi=1&c-r-ot=H&c-t-id=419989&c-r-ot=H,c-t-id,419989,"CLARK, KELLY",c-t-eid,55842556,"CLARK, KELLY",c-t-ftsts,Lost-General,Lost-General,c-t-sts,2,Lost,c-t-pt,62,INDEPENDENT,c-t-p,3,Third-Party,s,WI,WI,y,2024,2024,c-r-t,1,Standard,c-r-osid,8679,"ASSEMBLY DISTRICT 033",c-t-ico,C,Challenger,c-r-ot,H,"State House/Assembly",153,85217.04
dt=1&s=WI&y=2024&c-exi=1&c-r-ot=H&c-t-id=420045&c-r-ot=H,c-t-id,420045,"PALMERI, LORI",c-t-eid,55649652,"PALMERI, LORI",c-t-ftsts,Pending-General,Pending-General,c-t-sts,4,Pending,c-t-pt,33,DEMOCRATIC,c-t-p,1,Democratic,s,WI,WI,y,2024,2024,c-r-t,1,Standard,c-r-osid,8700,"ASSEMBLY DISTRICT 054",c-t-ico,I,Incumbent,c-r-ot,H,"State House/Assembly",876,82284.38
dt=1&s=WI&y=2024&c-exi=1&c-r-ot=H&c-t-id=420104&c-r-ot=H,c-t-id,420104,"GREEN, CHANZ",c-t-eid,55649685,"GREEN, CHANZ",c-t-ftsts,Won-General,Won-General,c-t-sts,1,Won,c-t-pt,139,REPUBLICAN,c-t-p,2,Republican,s,WI,WI,y,2024,2024,c-r-t,1,Standard,c-r-osid,8720,"ASSEMBLY DISTRICT 074",c-t-ico,I,Incumbent,c-r-ot,H,"State House/Assembly",257,80924.68
dt=1&s=WI&y=2024&c-exi=1&c-r-ot=H&c-t-id=419954&c-r-ot=H,c-t-id,419954,"CLANCY, RYAN",c-t-eid,43874119,"CLANCY, RYAN",c-t-ftsts,"Default Winner-General","Default Winner-General",c-t-sts,9,"Default Winner",c-t-pt,33,DEMOCRATIC,c-t-p,1,Democratic,s,WI,WI,y,2024,2024,c-r-t,1,Standard,c-r-osid,8665,"ASSEMBLY DISTRICT 019",c-t-ico,I,Incumbent,c-r-ot,H,"State House/Assembly",1225,80315.68
dt=1&s=WI&y=2024&c-exi=1&c-r-ot=H&c-t-id=420034&c-r-ot=H,c-t-id,420034,"TRANEL, TRAVIS",c-t-eid,2927947,"TRANEL, TRAVIS",c-t-ftsts,Won-General,Won-General,c-t-sts,1,Won,c-t-pt,139,REPUBLICAN,c-t-p,2,Republican,s,WI,WI,y,2024,2024,c-r-t,1,Standard,c-r-osid,8695,"ASSEMBLY DISTRICT 049",c-t-ico,I,Incumbent,c-r-ot,H,"State House/Assembly",188,79901.00
dt=1&s=WI&y=2024&c-exi=1&c-r-ot=H&c-t-id=419940&c-r-ot=H,c-t-id,419940,"VINING, ROBYN BECKLEY",c-t-eid,45362903,"VINING, ROBYN BECKLEY",c-t-ftsts,Won-General,Won-General,c-t-sts,1,Won,c-t-pt,33,DEMOCRATIC,c-t-p,1,Democratic,s,WI,WI,y,2024,2024,c-r-t,1,Standard,c-r-osid,8659,"ASSEMBLY DISTRICT 013",c-t-ico,I,Incumbent,c-r-ot,H,"State House/Assembly",955,77135.75
dt=1&s=WI&y=2024&c-exi=1&c-r-ot=H&c-t-id=419902&c-r-ot=H,c-t-id,419902,"KITCHENS, JOEL COULOMBE",c-t-eid,3198575,"KITCHENS, JOEL COULOMBE",c-t-ftsts,Won-General,Won-General,c-t-sts,1,Won,c-t-pt,139,REPUBLICAN,c-t-p,2,Republican,s,WI,WI,y,2024,2024,c-r-t,1,Standard,c-r-osid,8647,"ASSEMBLY DISTRICT 001",c-t-ico,I,Incumbent,c-r-ot,H,"State House/Assembly",293,74035.00
dt=1&s=WI&y=2024&c-exi=1&c-r-ot=H&c-t-id=420118&c-r-ot=H,c-t-id,420118,"SUBECK, LISA",c-t-eid,2920994,"SUBECK, LISA",c-t-ftsts,"Default Winner-General","Default Winner-General",c-t-sts,9,"Default Winner",c-t-pt,33,DEMOCRATIC,c-t-p,1,Democratic,s,WI,WI,y,2024,2024,c-r-t,1,Standard,c-r-osid,8725,"ASSEMBLY DISTRICT 079",c-t-ico,I,Incumbent,c-r-ot,H,"State House/Assembly",479,73966.45
dt=1&s=WI&y=2024&c-exi=1&c-r-ot=H&c-t-id=420100&c-r-ot=H,c-t-id,420100,"STROUD, ANGELA",c-t-eid,28048707,"STROUD, ANGELA",c-t-ftsts,Won-General,Won-General,c-t-sts,1,Won,c-t-pt,33,DEMOCRATIC,c-t-p,1,Democratic,s,WI,WI,y,2024,2024,c-r-t,1,Standard,c-r-osid,8719,"ASSEMBLY DISTRICT 073",c-t-ico,O,Open,c-r-ot,H,"State House/Assembly",509,73336.77
dt=1&s=WI&y=2024&c-exi=1&c-r-ot=H&c-t-id=419955&c-r-ot=H,c-t-id,419955,"ANDERSON, JARROD",c-t-eid,59690083,"ANDERSON, JARROD",c-t-ftsts,Lost-Primary,Lost-Primary,c-t-sts,2,Lost,c-t-pt,33,DEMOCRATIC,c-t-p,1,Democratic,s,WI,WI,y,2024,2024,c-r-t,1,Standard,c-r-osid,8665,"ASSEMBLY DISTRICT 019",c-t-ico,I,Incumbent,c-r-ot,H,"State House/Assembly",288,73301.00
dt=1&s=WI&y=2024&c-exi=1&c-r-ot=H&c-t-id=420135&c-r-ot=H,c-t-id,420135,"SPIROS, JOHN",c-t-eid,13736134,"SPIROS, JOHN",c-t-ftsts,Won-General,Won-General,c-t-sts,1,Won,c-t-pt,139,REPUBLICAN,c-t-p,2,Republican,s,WI,WI,y,2024,2024,c-r-t,1,Standard,c-r-osid,8732,"ASSEMBLY DISTRICT 086",c-t-ico,I,Incumbent,c-r-ot,H,"State House/Assembly",147,71768.83
dt=1&s=WI&y=2024&c-exi=1&c-r-ot=H&c-t-id=420110&c-r-ot=H,c-t-id,420110,"HONG, FRANCESCA",c-t-eid,50058291,"HONG, FRANCESCA",c-t-ftsts,"Default Winner-General","Default Winner-General",c-t-sts,9,"Default Winner",c-t-pt,33,DEMOCRATIC,c-t-p,1,Democratic,s,WI,WI,y,2024,2024,c-r-t,1,Standard,c-r-osid,8722,"ASSEMBLY DISTRICT 076",c-t-ico,I,Incumbent,c-r-ot,H,"State House/Assembly",1183,70538.60
dt=1&s=WI&y=2024&c-exi=1&c-r-ot=H&c-t-id=420050&c-r-ot=H,c-t-id,420050,"TSEFFOS, EMILY",c-t-eid,57815500,"TSEFFOS, EMILY",c-t-ftsts,Lost-General,Lost-General,c-t-sts,2,Lost,c-t-pt,33,DEMOCRATIC,c-t-p,1,Democratic,s,WI,WI,y,2024,2024,c-r-t,1,Standard,c-r-osid,8702,"ASSEMBLY DISTRICT 056",c-t-ico,C,Challenger,c-r-ot,H,"State House/Assembly",585,69775.25
dt=1&s=WI&y=2024&c-exi=1&c-r-ot=H&c-t-id=420079&c-r-ot=H,c-t-id,420079,"ARMSTRONG, DAVID",c-t-eid,49534491,"ARMSTRONG, DAVID",c-t-ftsts,Won-General,Won-General,c-t-sts,1,Won,c-t-pt,139,REPUBLICAN,c-t-p,2,Republican,s,WI,WI,y,2024,2024,c-r-t,1,Standard,c-r-osid,8713,"ASSEMBLY DISTRICT 067",c-t-ico,I,Incumbent,c-r-ot,H,"State House/Assembly",163,69627.50
dt=1&s=WI&y=2024&c-exi=1&c-r-ot=H&c-t-id=420114&c-r-ot=H,c-t-id,420114,"SCHUMACHER, THAD",c-t-eid,59984534,"SCHUMACHER, THAD",c-t-ftsts,Lost-Primary,Lost-Primary,c-t-sts,2,Lost,c-t-pt,33,DEMOCRATIC,c-t-p,1,Democratic,s,WI,WI,y,2024,2024,c-r-t,1,Standard,c-r-osid,8723,"ASSEMBLY DISTRICT 077",c-t-ico,O,Open,c-r-ot,H,"State House/Assembly",319,67651.36
dt=1&s=WI&y=2024&c-exi=1&c-r-ot=H&c-t-id=420121&c-r-ot=H,c-t-id,420121,"WEHELIE, NASRA",c-t-eid,3762787,"WEHELIE, NASRA",c-t-ftsts,Lost-Primary,Lost-Primary,c-t-sts,2,Lost,c-t-pt,33,DEMOCRATIC,c-t-p,1,Democratic,s,WI,WI,y,2024,2024,c-r-t,1,Standard,c-r-osid,8726,"ASSEMBLY DISTRICT 080",c-t-ico,C,Challenger,c-r-ot,H,"State House/Assembly",302,66915.80
dt=1&s=WI&y=2024&c-exi=1&c-r-ot=H&c-t-id=420154&c-r-ot=H,c-t-id,420154,"BUTLER, NICKOLAS",c-t-eid,39290901,"BUTLER, NICKOLAS",c-t-ftsts,Lost-Primary,Lost-Primary,c-t-sts,2,Lost,c-t-pt,33,DEMOCRATIC,c-t-p,1,Democratic,s,WI,WI,y,2024,2024,c-r-t,1,Standard,c-r-osid,8739,"ASSEMBLY DISTRICT 093",c-t-ico,O,Open,c-r-ot,H,"State House/Assembly",321,65903.65
dt=1&s=WI&y=2024&c-exi=1&c-r-ot=H&c-t-id=420167&c-r-ot=H,c-t-id,420167,"PIWOWARCZYK, JIM",c-t-eid,59984554,"PIWOWARCZYK, JIM",c-t-ftsts,Won-General,Won-General,c-t-sts,1,Won,c-t-pt,139,REPUBLICAN,c-t-p,2,Republican,s,WI,WI,y,2024,2024,c-r-t,1,Standard,c-r-osid,8744,"ASSEMBLY DISTRICT 098",c-t-ico,O,Open,c-r-ot,H,"State House/Assembly",53,64435.70
dt=1&s=WI&y=2024&c-exi=1&c-r-ot=H&c-t-id=420158&c-r-ot=H,c-t-id,420158,"SCHNITZLER, CEDRIC",c-t-eid,3477082,"SCHNITZLER, CEDRIC",c-t-ftsts,Lost-General,Lost-General,c-t-sts,2,Lost,c-t-pt,139,REPUBLICAN,c-t-p,2,Republican,s,WI,WI,y,2024,2024,c-r-t,1,Standard,c-r-osid,8741,"ASSEMBLY DISTRICT 095",c-t-ico,C,Challenger,c-r-ot,H,"State House/Assembly",85,63679.57
dt=1&s=WI&y=2024&c-exi=1&c-r-ot=H&c-t-id=420140&c-r-ot=H,c-t-id,420140,"SILLARS, CORY",c-t-eid,57813492,"SILLARS, CORY",c-t-ftsts,Lost-Primary,Lost-Primary,c-t-sts,2,Lost,c-t-pt,139,REPUBLICAN,c-t-p,2,Republican,s,WI,WI,y,2024,2024,c-r-t,1,Standard,c-r-osid,8733,"ASSEMBLY DISTRICT 087",c-t-ico,C,Challenger,c-r-ot,H,"State House/Assembly",76,62473.99
dt=1&s=WI&y=2024&c-exi=1&c-r-ot=H&c-t-id=420170&c-r-ot=H,c-t-id,420170,"DITTRICH, BARBARA K",c-t-eid,3002795,"DITTRICH, BARBARA K",c-t-ftsts,Won-General,Won-General,c-t-sts,1,Won,c-t-pt,139,REPUBLICAN,c-t-p,2,Republican,s,WI,WI,y,2024,2024,c-r-t,1,Standard,c-r-osid,8745,"ASSEMBLY DISTRICT 099",c-t-ico,I,Incumbent,c-r-ot,H,"State House/Assembly",211,61360.50
dt=1&s=WI&y=2024&c-exi=1&c-r-ot=H&c-t-id=420074&c-r-ot=H,c-t-id,420074,"DESMIDT, BEN",c-t-eid,59984510,"DESMIDT, BEN",c-t-ftsts,Won-General,Won-General,c-t-sts,1,Won,c-t-pt,33,DEMOCRATIC,c-t-p,1,Democratic,s,WI,WI,y,2024,2024,c-r-t,1,Standard,c-r-osid,8711,"ASSEMBLY DISTRICT 065",c-t-ico,O,Open,c-r-ot,H,"State House/Assembly",460,61342.18
dt=1&s=WI&y=2024&c-exi=1&c-r-ot=H&c-t-id=420047&c-r-ot=H,c-t-id,420047,"SCHRAA, MICHAEL K",c-t-eid,13736069,"SCHRAA, MICHAEL K",c-t-ftsts,Lost-Primary,Lost-Primary,c-t-sts,2,Lost,c-t-pt,139,REPUBLICAN,c-t-p,2,Republican,s,WI,WI,y,2024,2024,c-r-t,1,Standard,c-r-osid,8701,"ASSEMBLY DISTRICT 055",c-t-ico,I,Incumbent,c-r-ot,H,"State House/Assembly",115,60951.00
dt=1&s=WI&y=2024&c-exi=1&c-r-ot=H&c-t-id=419969&c-r-ot=H,c-t-id,419969,"WAGE, DAVE",c-t-eid,59984469,"WAGE, DAVE",c-t-ftsts,Lost-Primary,Lost-Primary,c-t-sts,2,Lost,c-t-pt,139,REPUBLICAN,c-t-p,2,Republican,s,WI,WI,y,2024,2024,c-r-t,1,Standard,c-r-osid,8671,"ASSEMBLY DISTRICT 025",c-t-ico,C,Challenger,c-r-ot,H,"State House/Assembly",18,60329.09
dt=1&s=WI&y=2024&c-exi=1&c-r-ot=H&c-t-id=420022&c-r-ot=H,c-t-id,420022,"FITZGERALD, JOAN",c-t-eid,46920015,"FITZGERALD, JOAN",c-t-ftsts,Won-General,Won-General,c-t-sts,1,Won,c-t-pt,33,DEMOCRATIC,c-t-p,1,Democratic,s,WI,WI,y,2024,2024,c-r-t,1,Standard,c-r-osid,8692,"ASSEMBLY DISTRICT 046",c-t-ico,O,Open,c-r-ot,H,"State House/Assembly",611,60080.61
dt=1&s=WI&y=2024&c-exi=1&c-r-ot=H&c-t-id=419944&c-r-ot=H,c-t-id,419944,"TENORIO, ANGELITO",c-t-eid,45432370,"TENORIO, ANGELITO",c-t-ftsts,Won-General,Won-General,c-t-sts,1,Won,c-t-pt,33,DEMOCRATIC,c-t-p,1,Democratic,s,WI,WI,y,2024,2024,c-r-t,1,Standard,c-r-osid,8660,"ASSEMBLY DISTRICT 014",c-t-ico,O,Open,c-r-ot,H,"State House/Assembly",326,59204.89
dt=1&s=WI&y=2024&c-exi=1&c-r-ot=H&c-t-id=419995&c-r-ot=H,c-t-id,419995,"CALLAHAN, CALVIN",c-t-eid,50058177,"CALLAHAN, CALVIN",c-t-ftsts,Won-General,Won-General,c-t-sts,1,Won,c-t-pt,139,REPUBLICAN,c-t-p,2,Republican,s,WI,WI,y,2024,2024,c-r-t,1,Standard,c-r-osid,8681,"ASSEMBLY DISTRICT 035",c-t-ico,I,Incumbent,c-r-ot,H,"State House/Assembly",145,56456.50
dt=1&s=WI&y=2024&c-exi=1&c-r-ot=H&c-t-id=419903&c-r-ot=H,c-t-id,419903,"PAPLHAM, RENEE",c-t-eid,59248205,"PAPLHAM, RENEE",c-t-ftsts,Lost-General,Lost-General,c-t-sts,2,Lost,c-t-pt,33,DEMOCRATIC,c-t-p,1,Democratic,s,WI,WI,y,2024,2024,c-r-t,1,Standard,c-r-osid,8647,"ASSEMBLY DISTRICT 001",c-t-ico,C,Challenger,c-r-ot,H,"State House/Assembly",381,55967.74
dt=1&s=WI&y=2024&c-exi=1&c-r-ot=H&c-t-id=420155&c-r-ot=H,c-t-id,420155,"ROLBIECKI, JAMES",c-t-eid,59697909,"ROLBIECKI, JAMES",c-t-ftsts,Lost-General,Lost-General,c-t-sts,2,Lost,c-t-pt,139,REPUBLICAN,c-t-p,2,Republican,s,WI,WI,y,2024,2024,c-r-t,1,Standard,c-r-osid,8739,"ASSEMBLY DISTRICT 093",c-t-ico,O,Open,c-r-ot,H,"State House/Assembly",134,55030.84
dt=1&s=WI&y=2024&c-exi=1&c-r-ot=H&c-t-id=419939&c-r-ot=H,c-t-id,419939,"MICHALSKI, TOM",c-t-eid,15686564,"MICHALSKI, TOM",c-t-ftsts,Lost-General,Lost-General,c-t-sts,2,Lost,c-t-pt,139,REPUBLICAN,c-t-p,2,Republican,s,WI,WI,y,2024,2024,c-r-t,1,Standard,c-r-osid,8659,"ASSEMBLY DISTRICT 013",c-t-ico,I,Incumbent,c-r-ot,H,"State House/Assembly",189,54977.00
dt=1&s=WI&y=2024&c-exi=1&c-r-ot=H&c-t-id=420109&c-r-ot=H,c-t-id,420109,"TUCKER, DUKE",c-t-eid,52857171,"TUCKER, DUKE",c-t-ftsts,Won-General,Won-General,c-t-sts,1,Won,c-t-pt,139,REPUBLICAN,c-t-p,2,Republican,s,WI,WI,y,2024,2024,c-r-t,1,Standard,c-r-osid,8721,"ASSEMBLY DISTRICT 075",c-t-ico,O,Open,c-r-ot,H,"State House/Assembly",261,53426.17
dt=1&s=WI&y=2024&c-exi=1&c-r-ot=H&c-t-id=419967&c-r-ot=H,c-t-id,419967,"TITTL, PAUL",c-t-eid,13735995,"TITTL, PAUL",c-t-ftsts,Won-General,Won-General,c-t-sts,1,Won,c-t-pt,139,REPUBLICAN,c-t-p,2,Republican,s,WI,WI,y,2024,2024,c-r-t,1,Standard,c-r-osid,8671,"ASSEMBLY DISTRICT 025",c-t-ico,I,Incumbent,c-r-ot,H,"State House/Assembly",158,52794.80
dt=1&s=WI&y=2024&c-exi=1&c-r-ot=H&c-t-id=419960&c-r-ot=H,c-t-id,419960,"GLASSTEIN, DANA",c-t-eid,3407903,"GLASSTEIN, DANA",c-t-ftsts,Lost-General,Lost-General,c-t-sts,2,Lost,c-t-pt,33,DEMOCRATIC,c-t-p,1,Democratic,s,WI,WI,y,2024,2024,c-r-t,1,Standard,c-r-osid,8668,"ASSEMBLY DISTRICT 022",c-t-ico,C,Challenger,c-r-ot,H,"State House/Assembly",352,52693.00
dt=1&s=WI&y=2024&c-exi=1&c-r-ot=H&c-t-id=420115&c-r-ot=H,c-t-id,420115,"ERICKSON, CHUCK",c-t-eid,45739395,"ERICKSON, CHUCK",c-t-ftsts,Lost-Primary,Lost-Primary,c-t-sts,2,Lost,c-t-pt,33,DEMOCRATIC,c-t-p,1,Democratic,s,WI,WI,y,2024,2024,c-r-t,1,Standard,c-r-osid,8723,"ASSEMBLY DISTRICT 077",c-t-ico,O,Open,c-r-ot,H,"State House/Assembly",179,51545.01
dt=1&s=WI&y=2024&c-exi=1&c-r-ot=H&c-t-id=420089&c-r-ot=H,c-t-id,420089,"VANDERMEER, NANCY LYNN",c-t-eid,3168880,"VANDERMEER, NANCY LYNN",c-t-ftsts,Won-General,Won-General,c-t-sts,1,Won,c-t-pt,139,REPUBLICAN,c-t-p,2,Republican,s,WI,WI,y,2024,2024,c-r-t,1,Standard,c-r-osid,8716,"ASSEMBLY DISTRICT 070",c-t-ico,I,Incumbent,c-r-ot,H,"State House/Assembly",383,50990.06
dt=1&s=WI&y=2024&c-exi=1&c-r-ot=H&c-t-id=420097&c-r-ot=H,c-t-id,420097,"KRUG, SCOTT S",c-t-eid,4349896,"KRUG, SCOTT S",c-t-ftsts,Won-General,Won-General,c-t-sts,1,Won,c-t-pt,139,REPUBLICAN,c-t-p,2,Republican,s,WI,WI,y,2024,2024,c-r-t,1,Standard,c-r-osid,8718,"ASSEMBLY DISTRICT 072",c-t-ico,I,Incumbent,c-r-ot,H,"State House/Assembly",179,48945.00
dt=1&s=WI&y=2024&c-exi=1&c-r-ot=H&c-t-id=420048&c-r-ot=H,c-t-id,420048,"GUSTAFSON, NATE",c-t-eid,50439602,"GUSTAFSON, NATE",c-t-ftsts,Won-General,Won-General,c-t-sts,1,Won,c-t-pt,139,REPUBLICAN,c-t-p,2,Republican,s,WI,WI,y,2024,2024,c-r-t,1,Standard,c-r-osid,8701,"ASSEMBLY DISTRICT 055",c-t-ico,I,Incumbent,c-r-ot,H,"State House/Assembly",162,48912.00
dt=1&s=WI&y=2024&c-exi=1&c-r-ot=H&c-t-id=420006&c-r-ot=H,c-t-id,420006,"HELMER, JERRY",c-t-eid,54312006,"HELMER, JERRY",c-t-ftsts,Lost-General,Lost-General,c-t-sts,2,Lost,c-t-pt,139,REPUBLICAN,c-t-p,2,Republican,s,WI,WI,y,2024,2024,c-r-t,1,Standard,c-r-osid,8686,"ASSEMBLY DISTRICT 040",c-t-ico,O,Open,c-r-ot,H,"State House/Assembly",104,47644.23
dt=1&s=WI&y=2024&c-exi=1&c-r-ot=H&c-t-id=419957&c-r-ot=H,c-t-id,419957,"MOELLER, MIKE",c-t-eid,59984465,"MOELLER, MIKE",c-t-ftsts,Lost-General,Lost-General,c-t-sts,2,Lost,c-t-pt,139,REPUBLICAN,c-t-p,2,Republican,s,WI,WI,y,2024,2024,c-r-t,1,Standard,c-r-osid,8666,"ASSEMBLY DISTRICT 020",c-t-ico,C,Challenger,c-r-ot,H,"State House/Assembly",137,47534.14
dt=1&s=WI&y=2024&c-exi=1&c-r-ot=H&c-t-id=420029&c-r-ot=H,c-t-id,420029,"HYSELL, ANDREW",c-t-eid,55649642,"HYSELL, ANDREW",c-t-ftsts,Won-General,Won-General,c-t-sts,1,Won,c-t-pt,33,DEMOCRATIC,c-t-p,1,Democratic,s,WI,WI,y,2024,2024,c-r-t,1,Standard,c-r-osid,8694,"ASSEMBLY DISTRICT 048",c-t-ico,O,Open,c-r-ot,H,"State House/Assembly",102,46410.92
dt=1&s=WI&y=2024&c-exi=1&c-r-ot=H&c-t-id=419979&c-r-ot=H,c-t-id,419979,"SCHOONOVER, TERRY",c-t-eid,59984474,"SCHOONOVER, TERRY",c-t-ftsts,Lost-General,Lost-General,c-t-sts,2,Lost,c-t-pt,33,DEMOCRATIC,c-t-p,1,Democratic,s,WI,WI,y,2024,2024,c-r-t,1,Standard,c-r-osid,8675,"ASSEMBLY DISTRICT 029",c-t-ico,C,Challenger,c-r-ot,H,"State House/Assembly",218,46290.45
dt=1&s=WI&y=2024&c-exi=1&c-r-ot=H&c-t-id=419985&c-r-ot=H,c-t-id,419985,"HENDERSON, JOHN H",c-t-eid,18028081,"HENDERSON, JOHN H",c-t-ftsts,Lost-General,Lost-General,c-t-sts,2,Lost,c-t-pt,33,DEMOCRATIC,c-t-p,1,Democratic,s,WI,WI,y,2024,2024,c-r-t,1,Standard,c-r-osid,8677,"ASSEMBLY DISTRICT 031",c-t-ico,C,Challenger,c-r-ot,H,"State House/Assembly",181,45877.43
dt=1&s=WI&y=2024&c-exi=1&c-r-ot=H&c-t-id=419946&c-r-ot=H,c-t-id,419946,"HARRISON, SARAH",c-t-eid,52494899,"HARRISON, SARAH",c-t-ftsts,Lost-General,Lost-General,c-t-sts,2,Lost,c-t-pt,33,DEMOCRATIC,c-t-p,1,Democratic,s,WI,WI,y,2024,2024,c-r-t,1,Standard,c-r-osid,8661,"ASSEMBLY DISTRICT 015",c-t-ico,C,Challenger,c-r-ot,H,"State House/Assembly",425,45801.25
dt=1&s=WI&y=2024&c-exi=1&c-r-ot=H&c-t-id=419909&c-r-ot=H,c-t-id,419909,"TUSLER, RON",c-t-eid,26246883,"TUSLER, RON",c-t-ftsts,Won-General,Won-General,c-t-sts,1,Won,c-t-pt,139,REPUBLICAN,c-t-p,2,Republican,s,WI,WI,y,2024,2024,c-r-t,1,Standard,c-r-osid,8649,"ASSEMBLY DISTRICT 003",c-t-ico,I,Incumbent,c-r-ot,H,"State House/Assembly",68,45693.45
dt=1&s=WI&y=2024&c-exi=1&c-r-ot=H&c-t-id=420094&c-r-ot=H,c-t-id,420094,"PAHMEIER, BOB",c-t-eid,59984523,"PAHMEIER, BOB",c-t-ftsts,Lost-General,Lost-General,c-t-sts,2,Lost,c-t-pt,139,REPUBLICAN,c-t-p,2,Republican,s,WI,WI,y,2024,2024,c-r-t,1,Standard,c-r-osid,8717,"ASSEMBLY DISTRICT 071",c-t-ico,O,Open,c-r-ot,H,"State House/Assembly",103,44313.71
dt=1&s=WI&y=2024&c-exi=1&c-r-ot=H&c-t-id=419975&c-r-ot=H,c-t-id,419975,"KREIBRICH, ROB",c-t-eid,59984471,"KREIBRICH, ROB",c-t-ftsts,Won-General,Won-General,c-t-sts,1,Won,c-t-pt,139,REPUBLICAN,c-t-p,2,Republican,s,WI,WI,y,2024,2024,c-r-t,1,Standard,c-r-osid,8674,"ASSEMBLY DISTRICT 028",c-t-ico,C,Challenger,c-r-ot,H,"State House/Assembly",33,43501.10
dt=1&s=WI&y=2024&c-exi=1&c-r-ot=H&c-t-id=420025&c-r-ot=H,c-t-id,420025,"MALDONADO, JOE",c-t-eid,50294948,"MALDONADO, JOE",c-t-ftsts,Lost-Primary,Lost-Primary,c-t-sts,2,Lost,c-t-pt,33,DEMOCRATIC,c-t-p,1,Democratic,s,WI,WI,y,2024,2024,c-r-t,1,Standard,c-r-osid,8693,"ASSEMBLY DISTRICT 047",c-t-ico,O,Open,c-r-ot,H,"State House/Assembly",339,43491.00
dt=1&s=WI&y=2024&c-exi=1&c-r-ot=H&c-t-id=420019&c-r-ot=H,c-t-id,420019,"MYERS, CATHY",c-t-eid,45432467,"MYERS, CATHY",c-t-ftsts,Lost-Primary,Lost-Primary,c-t-sts,2,Lost,c-t-pt,33,DEMOCRATIC,c-t-p,1,Democratic,s,WI,WI,y,2024,2024,c-r-t,1,Standard,c-r-osid,8690,"ASSEMBLY DISTRICT 044",c-t-ico,I,Incumbent,c-r-ot,H,"State House/Assembly",414,43049.34
dt=1&s=WI&y=2024&c-exi=1&c-r-ot=H&c-t-id=419953&c-r-ot=H,c-t-id,419953,"ARNEY, MARGARET",c-t-eid,15424180,"ARNEY, MARGARET",c-t-ftsts,Won-General,Won-General,c-t-sts,1,Won,c-t-pt,33,DEMOCRATIC,c-t-p,1,Democratic,s,WI,WI,y,2024,2024,c-r-t,1,Standard,c-r-osid,8664,"ASSEMBLY DISTRICT 018",c-t-ico,C,Challenger,c-r-ot,H,"State House/Assembly",208,42871.15
dt=1&s=WI&y=2024&c-exi=1&c-r-ot=H&c-t-id=420146&c-r-ot=H,c-t-id,420146,"WAGNER, AMAAD RIVERA",c-t-eid,59984545,"WAGNER, AMAAD RIVERA",c-t-ftsts,Won-General,Won-General,c-t-sts,1,Won,c-t-pt,33,DEMOCRATIC,c-t-p,1,Democratic,s,WI,WI,y,2024,2024,c-r-t,1,Standard,c-r-osid,8736,"ASSEMBLY DISTRICT 090",c-t-ico,O,Open,c-r-ot,H,"State House/Assembly",456,42476.51
dt=1&s=WI&y=2024&c-exi=1&c-r-ot=H&c-t-id=420068&c-r-ot=H,c-t-id,420068,"WITTKE JR, ROBERT OTTO",c-t-eid,43117354,"WITTKE JR, ROBERT OTTO",c-t-ftsts,Won-General,Won-General,c-t-sts,1,Won,c-t-pt,139,REPUBLICAN,c-t-p,2,Republican,s,WI,WI,y,2024,2024,c-r-t,1,Standard,c-r-osid,8709,"ASSEMBLY DISTRICT 063",c-t-ico,I,Incumbent,c-r-ot,H,"State House/Assembly",205,41882.58
dt=1&s=WI&y=2024&c-exi=1&c-r-ot=H&c-t-id=420020&c-r-ot=H,c-t-id,420020,"ANDERSON, CLINTON",c-t-eid,55649640,"ANDERSON, CLINTON",c-t-ftsts,"Default Winner-General","Default Winner-General",c-t-sts,9,"Default Winner",c-t-pt,33,DEMOCRATIC,c-t-p,1,Democratic,s,WI,WI,y,2024,2024,c-r-t,1,Standard,c-r-osid,8691,"ASSEMBLY DISTRICT 045",c-t-ico,I,Incumbent,c-r-ot,H,"State House/Assembly",411,41592.17
dt=1&s=WI&y=2024&c-exi=1&c-r-ot=H&c-t-id=420046&c-r-ot=H,c-t-id,420046,"PATERSON, TIM",c-t-eid,59984500,"PATERSON, TIM",c-t-ftsts,Pending-General,Pending-General,c-t-sts,4,Pending,c-t-pt,139,REPUBLICAN,c-t-p,2,Republican,s,WI,WI,y,2024,2024,c-r-t,1,Standard,c-r-osid,8700,"ASSEMBLY DISTRICT 054",c-t-ico,C,Challenger,c-r-ot,H,"State House/Assembly",90,40035.04
dt=1&s=WI&y=2024&c-exi=1&c-r-ot=H&c-t-id=419961&c-r-ot=H,c-t-id,419961,"MELOTIK, PAUL DANIEL",c-t-eid,6699002,"MELOTIK, PAUL DANIEL",c-t-ftsts,Won-General,Won-General,c-t-sts,1,Won,c-t-pt,139,REPUBLICAN,c-t-p,2,Republican,s,WI,WI,y,2024,2024,c-r-t,1,Standard,c-r-osid,8668,"ASSEMBLY DISTRICT 022",c-t-ico,I,Incumbent,c-r-ot,H,"State House/Assembly",90,38821.70
dt=1&s=WI&y=2024&c-exi=1&c-r-ot=H&c-t-id=420073&c-r-ot=H,c-t-id,420073,"GONZALES, BRIAN",c-t-eid,59984509,"GONZALES, BRIAN",c-t-ftsts,Lost-General,Lost-General,c-t-sts,2,Lost,c-t-pt,139,REPUBLICAN,c-t-p,2,Republican,s,WI,WI,y,2024,2024,c-r-t,1,Standard,c-r-osid,8711,"ASSEMBLY DISTRICT 065",c-t-ico,O,Open,c-r-ot,H,"State House/Assembly",96,38530.76
dt=1&s=WI&y=2024&c-exi=1&c-r-ot=H&c-t-id=420015&c-r-ot=H,c-t-id,420015,"JOHNSON, SCOTT L",c-t-eid,24811753,"JOHNSON, SCOTT L",c-t-ftsts,Lost-General,Lost-General,c-t-sts,2,Lost,c-t-pt,139,REPUBLICAN,c-t-p,2,Republican,s,WI,WI,y,2024,2024,c-r-t,1,Standard,c-r-osid,8689,"ASSEMBLY DISTRICT 043",c-t-ico,I,Incumbent,c-r-ot,H,"State House/Assembly",47,37864.00
dt=1&s=WI&y=2024&c-exi=1&c-r-ot=H&c-t-id=420163&c-r-ot=H,c-t-id,420163,"DUCHOW, CINDI",c-t-eid,29002878,"DUCHOW, CINDI",c-t-ftsts,Won-General,Won-General,c-t-sts,1,Won,c-t-pt,139,REPUBLICAN,c-t-p,2,Republican,s,WI,WI,y,2024,2024,c-r-t,1,Standard,c-r-osid,8743,"ASSEMBLY DISTRICT 097",c-t-ico,I,Incumbent,c-r-ot,H,"State House/Assembly",145,37246.81
dt=1&s=WI&y=2024&c-exi=1&c-r-ot=H&c-t-id=420012&c-r-ot=H,c-t-id,420012,"MCCARVILLE, MAUREEN A",c-t-eid,15176339,"MCCARVILLE, MAUREEN A",c-t-ftsts,Won-General,Won-General,c-t-sts,1,Won,c-t-pt,33,DEMOCRATIC,c-t-p,1,Democratic,s,WI,WI,y,2024,2024,c-r-t,1,Standard,c-r-osid,8688,"ASSEMBLY DISTRICT 042",c-t-ico,O,Open,c-r-ot,H,"State House/Assembly",228,37219.40
dt=1&s=WI&y=2024&c-exi=1&c-r-ot=H&c-t-id=420123&c-r-ot=H,c-t-id,420123,"JOERS, ALEX",c-t-eid,54307358,"JOERS, ALEX",c-t-ftsts,"Default Winner-General","Default Winner-General",c-t-sts,9,"Default Winner",c-t-pt,33,DEMOCRATIC,c-t-p,1,Democratic,s,WI,WI,y,2024,2024,c-r-t,1,Standard,c-r-osid,8727,"ASSEMBLY DISTRICT 081",c-t-ico,I,Incumbent,c-r-ot,H,"State House/Assembly",304,36754.15
dt=1&s=WI&y=2024&c-exi=1&c-r-ot=H&c-t-id=419987&c-r-ot=H,c-t-id,419987,"NEDWESKI, AMANDA",c-t-eid,55426102,"NEDWESKI, AMANDA",c-t-ftsts,Won-General,Won-General,c-t-sts,1,Won,c-t-pt,139,REPUBLICAN,c-t-p,2,Republican,s,WI,WI,y,2024,2024,c-r-t,1,Standard,c-r-osid,8678,"ASSEMBLY DISTRICT 032",c-t-ico,I,Incumbent,c-r-ot,H,"State House/Assembly",152,36417.09
dt=1&s=WI&y=2024&c-exi=1&c-r-ot=H&c-t-id=419907&c-r-ot=H,c-t-id,419907,"SORTWELL, SHAE",c-t-eid,15686808,"SORTWELL, SHAE",c-t-ftsts,Won-General,Won-General,c-t-sts,1,Won,c-t-pt,139,REPUBLICAN,c-t-p,2,Republican,s,WI,WI,y,2024,2024,c-r-t,1,Standard,c-r-osid,8648,"ASSEMBLY DISTRICT 002",c-t-ico,I,Incumbent,c-r-ot,H,"State House/Assembly",271,36024.54
dt=1&s=WI&y=2024&c-exi=1&c-r-ot=H&c-t-id=419972&c-r-ot=H,c-t-id,419972,"BRILL, LINDEE RAE",c-t-eid,59984470,"BRILL, LINDEE RAE",c-t-ftsts,Won-General,Won-General,c-t-sts,1,Won,c-t-pt,139,REPUBLICAN,c-t-p,2,Republican,s,WI,WI,y,2024,2024,c-r-t,1,Standard,c-r-osid,8673,"ASSEMBLY DISTRICT 027",c-t-ico,O,Open,c-r-ot,H,"State House/Assembly",123,35855.60
dt=1&s=WI&y=2024&c-exi=1&c-r-ot=H&c-t-id=420066&c-r-ot=H,c-t-id,420066,"CRUZ, ANGELINA M",c-t-eid,59984504,"CRUZ, ANGELINA M",c-t-ftsts,Won-General,Won-General,c-t-sts,1,Won,c-t-pt,33,DEMOCRATIC,c-t-p,1,Democratic,s,WI,WI,y,2024,2024,c-r-t,1,Standard,c-r-osid,8708,"ASSEMBLY DISTRICT 062",c-t-ico,O,Open,c-r-ot,H,"State House/Assembly",218,35658.57
dt=1&s=WI&y=2024&c-exi=1&c-r-ot=H&c-t-id=420061&c-r-ot=H,c-t-id,420061,"OCONNOR, JERRY",c-t-eid,42127973,"OCONNOR, JERRY",c-t-ftsts,Won-General,Won-General,c-t-sts,1,Won,c-t-pt,139,REPUBLICAN,c-t-p,2,Republican,s,WI,WI,y,2024,2024,c-r-t,1,Standard,c-r-osid,8706,"ASSEMBLY DISTRICT 060",c-t-ico,O,Open,c-r-ot,H,"State House/Assembly",160,35552.00
dt=1&s=WI&y=2024&c-exi=1&c-r-ot=H&c-t-id=420117&c-r-ot=H,c-t-id,420117,"STUBBS, SHELIA",c-t-eid,44290815,"STUBBS, SHELIA",c-t-ftsts,"Default Winner-General","Default Winner-General",c-t-sts,9,"Default Winner",c-t-pt,33,DEMOCRATIC,c-t-p,1,Democratic,s,WI,WI,y,2024,2024,c-r-t,1,Standard,c-r-osid,8724,"ASSEMBLY DISTRICT 078",c-t-ico,I,Incumbent,c-r-ot,H,"State House/Assembly",164,35110.65
dt=1&s=WI&y=2024&c-exi=1&c-r-ot=H&c-t-id=419943&c-r-ot=H,c-t-id,419943,"KIESO, NATHAN R",c-t-eid,59984458,"KIESO, NATHAN R",c-t-ftsts,Lost-Primary,Lost-Primary,c-t-sts,2,Lost,c-t-pt,33,DEMOCRATIC,c-t-p,1,Democratic,s,WI,WI,y,2024,2024,c-r-t,1,Standard,c-r-osid,8660,"ASSEMBLY DISTRICT 014",c-t-ico,O,Open,c-r-ot,H,"State House/Assembly",163,34429.73
dt=1&s=WI&y=2024&c-exi=1&c-r-ot=H&c-t-id=420125&c-r-ot=H,c-t-id,420125,"ALLEN, SCOTT",c-t-eid,58800366,"ALLEN, SCOTT",c-t-ftsts,Won-General,Won-General,c-t-sts,1,Won,c-t-pt,139,REPUBLICAN,c-t-p,2,Republican,s,WI,WI,y,2024,2024,c-r-t,1,Standard,c-r-osid,8728,"ASSEMBLY DISTRICT 082",c-t-ico,I,Incumbent,c-r-ot,H,"State House/Assembly",203,34404.10
dt=1&s=WI&y=2024&c-exi=1&c-r-ot=H&c-t-id=419916&c-r-ot=H,c-t-id,419916,"GOEBEN, JOY",c-t-eid,55649591,"GOEBEN, JOY",c-t-ftsts,Won-General,Won-General,c-t-sts,1,Won,c-t-pt,139,REPUBLICAN,c-t-p,2,Republican,s,WI,WI,y,2024,2024,c-r-t,1,Standard,c-r-osid,8651,"ASSEMBLY DISTRICT 005",c-t-ico,I,Incumbent,c-r-ot,H,"State House/Assembly",167,33854.13
dt=1&s=WI&y=2024&c-exi=1&c-r-ot=H&c-t-id=419976&c-r-ot=H,c-t-id,419976,"JOHNSON, DANIELLE",c-t-eid,44089138,"JOHNSON, DANIELLE",c-t-ftsts,Lost-General,Lost-General,c-t-sts,2,Lost,c-t-pt,33,DEMOCRATIC,c-t-p,1,Democratic,s,WI,WI,y,2024,2024,c-r-t,1,Standard,c-r-osid,8674,"ASSEMBLY DISTRICT 028",c-t-ico,I,Incumbent,c-r-ot,H,"State House/Assembly",158,33705.34
dt=1&s=WI&y=2024&c-exi=1&c-r-ot=H&c-t-id=420049&c-r-ot=H,c-t-id,420049,"KEHOE, KYLE",c-t-eid,55847141,"KEHOE, KYLE",c-t-ftsts,Lost-General,Lost-General,c-t-sts,2,Lost,c-t-pt,33,DEMOCRATIC,c-t-p,1,Democratic,s,WI,WI,y,2024,2024,c-r-t,1,Standard,c-r-osid,8701,"ASSEMBLY DISTRICT 055",c-t-ico,C,Challenger,c-r-ot,H,"State House/Assembly",313,33341.87
dt=1&s=WI&y=2024&c-exi=1&c-r-ot=H&c-t-id=419962&c-r-ot=H,c-t-id,419962,"WOLF, LAURIE OBRIEN",c-t-eid,59984466,"WOLF, LAURIE OBRIEN",c-t-ftsts,Lost-General,Lost-General,c-t-sts,2,Lost,c-t-pt,139,REPUBLICAN,c-t-p,2,Republican,s,WI,WI,y,2024,2024,c-r-t,1,Standard,c-r-osid,8669,"ASSEMBLY DISTRICT 023",c-t-ico,C,Challenger,c-r-ot,H,"State House/Assembly",92,32398.55
dt=1&s=WI&y=2024&c-exi=1&c-r-ot=H&c-t-id=420024&c-r-ot=H,c-t-id,420024,"QUIMBY, JENIFER",c-t-eid,13575987,"QUIMBY, JENIFER",c-t-ftsts,Lost-General,Lost-General,c-t-sts,2,Lost,c-t-pt,139,REPUBLICAN,c-t-p,2,Republican,s,WI,WI,y,2024,2024,c-r-t,1,Standard,c-r-osid,8692,"ASSEMBLY DISTRICT 046",c-t-ico,O,Open,c-r-ot,H,"State House/Assembly",86,32309.41
dt=1&s=WI&y=2024&c-exi=1&c-r-ot=H&c-t-id=420136&c-r-ot=H,c-t-id,420136,"ROZAR, DONNA M",c-t-eid,45442874,"ROZAR, DONNA M",c-t-ftsts,Lost-Primary,Lost-Primary,c-t-sts,2,Lost,c-t-pt,139,REPUBLICAN,c-t-p,2,Republican,s,WI,WI,y,2024,2024,c-r-t,1,Standard,c-r-osid,8732,"ASSEMBLY DISTRICT 086",c-t-ico,I,Incumbent,c-r-ot,H,"State House/Assembly",136,31805.88
dt=1&s=WI&y=2024&c-exi=1&c-r-ot=H&c-t-id=420035&c-r-ot=H,c-t-id,420035,"JACOBSON, JENNA",c-t-eid,59689526,"JACOBSON, JENNA",c-t-ftsts,Won-General,Won-General,c-t-sts,1,Won,c-t-pt,33,DEMOCRATIC,c-t-p,1,Democratic,s,WI,WI,y,2024,2024,c-r-t,1,Standard,c-r-osid,8696,"ASSEMBLY DISTRICT 050",c-t-ico,I,Incumbent,c-r-ot,H,"State House/Assembly",301,31265.71
dt=1&s=WI&y=2024&c-exi=1&c-r-ot=H&c-t-id=419945&c-r-ot=H,c-t-id,419945,"ENGSTRAND, JIM",c-t-eid,59984460,"ENGSTRAND, JIM",c-t-ftsts,Lost-General,Lost-General,c-t-sts,2,Lost,c-t-pt,139,REPUBLICAN,c-t-p,2,Republican,s,WI,WI,y,2024,2024,c-r-t,1,Standard,c-r-osid,8660,"ASSEMBLY DISTRICT 014",c-t-ico,O,Open,c-r-ot,H,"State House/Assembly",15,31077.50
dt=1&s=WI&y=2024&c-exi=1&c-r-ot=H&c-t-id=420106&c-r-ot=H,c-t-id,420106,"KLEISS, JANE",c-t-eid,59984529,"KLEISS, JANE",c-t-ftsts,Lost-General,Lost-General,c-t-sts,2,Lost,c-t-pt,33,DEMOCRATIC,c-t-p,1,Democratic,s,WI,WI,y,2024,2024,c-r-t,1,Standard,c-r-osid,8721,"ASSEMBLY DISTRICT 075",c-t-ico,O,Open,c-r-ot,H,"State House/Assembly",225,30938.53
dt=1&s=WI&y=2024&c-exi=1&c-r-ot=H&c-t-id=419942&c-r-ot=H,c-t-id,419942,"COULTHARD, BRADY",c-t-eid,59690096,"COULTHARD, BRADY",c-t-ftsts,Lost-Primary,Lost-Primary,c-t-sts,2,Lost,c-t-pt,33,DEMOCRATIC,c-t-p,1,Democratic,s,WI,WI,y,2024,2024,c-r-t,1,Standard,c-r-osid,8660,"ASSEMBLY DISTRICT 014",c-t-ico,O,Open,c-r-ot,H,"State House/Assembly",265,30273.82
dt=1&s=WI&y=2024&c-exi=1&c-r-ot=H&c-t-id=419980&c-r-ot=H,c-t-id,419980,"PRONSCHINSKE, TREIG E",c-t-eid,32197914,"PRONSCHINSKE, TREIG E",c-t-ftsts,Won-General,Won-General,c-t-sts,1,Won,c-t-pt,139,REPUBLICAN,c-t-p,2,Republican,s,WI,WI,y,2024,2024,c-r-t,1,Standard,c-r-osid,8675,"ASSEMBLY DISTRICT 029",c-t-ico,I,Incumbent,c-r-ot,H,"State House/Assembly",163,29321.00
dt=1&s=WI&y=2024&c-exi=1&c-r-ot=H&c-t-id=420036&c-r-ot=H,c-t-id,420036,"JOHNSON, RICH",c-t-eid,59984495,"JOHNSON, RICH",c-t-ftsts,Lost-General,Lost-General,c-t-sts,2,Lost,c-t-pt,139,REPUBLICAN,c-t-p,2,Republican,s,WI,WI,y,2024,2024,c-r-t,1,Standard,c-r-osid,8696,"ASSEMBLY DISTRICT 050",c-t-ico,I,Incumbent,c-r-ot,H,"State House/Assembly",53,29068.61
dt=1&s=WI&y=2024&c-exi=1&c-r-ot=H&c-t-id=419947&c-r-ot=H,c-t-id,419947,"NEYLON, ADAM",c-t-eid,16634046,"NEYLON, ADAM",c-t-ftsts,Won-General,Won-General,c-t-sts,1,Won,c-t-pt,139,REPUBLICAN,c-t-p,2,Republican,s,WI,WI,y,2024,2024,c-r-t,1,Standard,c-r-osid,8661,"ASSEMBLY DISTRICT 015",c-t-ico,I,Incumbent,c-r-ot,H,"State House/Assembly",112,28639.85
dt=1&s=WI&y=2024&c-exi=1&c-r-ot=H&c-t-id=420077&c-r-ot=H,c-t-id,420077,"DEGROOT, DAVID",c-t-eid,15164182,"DEGROOT, DAVID",c-t-ftsts,Lost-General,Lost-General,c-t-sts,2,Lost,c-t-pt,139,REPUBLICAN,c-t-p,2,Republican,s,WI,WI,y,2024,2024,c-r-t,1,Standard,c-r-osid,8712,"ASSEMBLY DISTRICT 066",c-t-ico,C,Challenger,c-r-ot,H,"State House/Assembly",48,27336.91
dt=1&s=WI&y=2024&c-exi=1&c-r-ot=H&c-t-id=419923&c-r-ot=H,c-t-id,419923,"ORTIZ-VELEZ, SYLVIA",c-t-eid,50058101,"ORTIZ-VELEZ, SYLVIA",c-t-ftsts,"Default Winner-General","Default Winner-General",c-t-sts,9,"Default Winner",c-t-pt,33,DEMOCRATIC,c-t-p,1,Democratic,s,WI,WI,y,2024,2024,c-r-t,1,Standard,c-r-osid,8654,"ASSEMBLY DISTRICT 008",c-t-ico,I,Incumbent,c-r-ot,H,"State House/Assembly",93,27145.00
dt=1&s=WI&y=2024&c-exi=1&c-r-ot=H&c-t-id=419922&c-r-ot=H,c-t-id,419922,"KIRSCH, KAREN",c-t-eid,13575621,"KIRSCH, KAREN",c-t-ftsts,Won-General,Won-General,c-t-sts,1,Won,c-t-pt,33,DEMOCRATIC,c-t-p,1,Democratic,s,WI,WI,y,2024,2024,c-r-t,1,Standard,c-r-osid,8653,"ASSEMBLY DISTRICT 007",c-t-ico,O,Open,c-r-ot,H,"State House/Assembly",188,26917.93
dt=1&s=WI&y=2024&c-exi=1&c-r-ot=H&c-t-id=419984&c-r-ot=H,c-t-id,419984,"SCHUTT, ELLEN",c-t-eid,55649622,"SCHUTT, ELLEN",c-t-ftsts,Disqualified-Primary,Disqualified-Primary,c-t-sts,6,Disqualified,c-t-pt,139,REPUBLICAN,c-t-p,2,Republican,s,WI,WI,y,2024,2024,c-r-t,1,Standard,c-r-osid,8677,"ASSEMBLY DISTRICT 031",c-t-ico,I,Incumbent,c-r-ot,H,"State House/Assembly",206,26865.00
dt=1&s=WI&y=2024&c-exi=1&c-r-ot=H&c-t-id=419956&c-r-ot=H,c-t-id,419956,"SINICKI, CHRISTINE",c-t-eid,2943905,"SINICKI, CHRISTINE",c-t-ftsts,Won-General,Won-General,c-t-sts,1,Won,c-t-pt,33,DEMOCRATIC,c-t-p,1,Democratic,s,WI,WI,y,2024,2024,c-r-t,1,Standard,c-r-osid,8666,"ASSEMBLY DISTRICT 020",c-t-ico,I,Incumbent,c-r-ot,H,"State House/Assembly",92,26862.00
dt=1&s=WI&y=2024&c-exi=1&c-r-ot=H&c-t-id=419997&c-r-ot=H,c-t-id,419997,"MURSAU, JEFFREY L",c-t-eid,6666495,"MURSAU, JEFFREY L",c-t-ftsts,Won-General,Won-General,c-t-sts,1,Won,c-t-pt,139,REPUBLICAN,c-t-p,2,Republican,s,WI,WI,y,2024,2024,c-r-t,1,Standard,c-r-osid,8682,"ASSEMBLY DISTRICT 036",c-t-ico,I,Incumbent,c-r-ot,H,"State House/Assembly",102,26817.00
dt=1&s=WI&y=2024&c-exi=1&c-r-ot=H&c-t-id=419913&c-r-ot=H,c-t-id,419913,"BENSON, JANE",c-t-eid,15174974,"BENSON, JANE",c-t-ftsts,Lost-General,Lost-General,c-t-sts,2,Lost,c-t-pt,33,DEMOCRATIC,c-t-p,1,Democratic,s,WI,WI,y,2024,2024,c-r-t,1,Standard,c-r-osid,8650,"ASSEMBLY DISTRICT 004",c-t-ico,C,Challenger,c-r-ot,H,"State House/Assembly",232,26682.90
dt=1&s=WI&y=2024&c-exi=1&c-r-ot=H&c-t-id=420059&c-r-ot=H,c-t-id,420059,"BROOKS, ROBERT ALAN",c-t-eid,3367096,"BROOKS, ROBERT ALAN",c-t-ftsts,Won-General,Won-General,c-t-sts,1,Won,c-t-pt,139,REPUBLICAN,c-t-p,2,Republican,s,WI,WI,y,2024,2024,c-r-t,1,Standard,c-r-osid,8705,"ASSEMBLY DISTRICT 059",c-t-ico,I,Incumbent,c-r-ot,H,"State House/Assembly",106,26446.43
dt=1&s=WI&y=2024&c-exi=1&c-r-ot=H&c-t-id=419973&c-r-ot=H,c-t-id,419973,"HILBELINK, BRIAN",c-t-eid,3868666,"HILBELINK, BRIAN",c-t-ftsts,Lost-Primary,Lost-Primary,c-t-sts,2,Lost,c-t-pt,139,REPUBLICAN,c-t-p,2,Republican,s,WI,WI,y,2024,2024,c-r-t,1,Standard,c-r-osid,8673,"ASSEMBLY DISTRICT 027",c-t-ico,O,Open,c-r-ot,H,"State House/Assembly",58,26153.83
dt=1&s=WI&y=2024&c-exi=1&c-r-ot=H&c-t-id=420017&c-r-ot=H,c-t-id,420017,"DANIELSON, BRUCE",c-t-eid,59984490,"DANIELSON, BRUCE",c-t-ftsts,Lost-General,Lost-General,c-t-sts,2,Lost,c-t-pt,139,REPUBLICAN,c-t-p,2,Republican,s,WI,WI,y,2024,2024,c-r-t,1,Standard,c-r-osid,8690,"ASSEMBLY DISTRICT 044",c-t-ico,O,Open,c-r-ot,H,"State House/Assembly",16,25995.59
dt=1&s=WI&y=2024&c-exi=1&c-r-ot=H&c-t-id=420108&c-r-ot=H,c-t-id,420108,"CALHOUN, JAY",c-t-eid,55842578,"CALHOUN, JAY",c-t-ftsts,Lost-Primary,Lost-Primary,c-t-sts,2,Lost,c-t-pt,139,REPUBLICAN,c-t-p,2,Republican,s,WI,WI,y,2024,2024,c-r-t,1,Standard,c-r-osid,8721,"ASSEMBLY DISTRICT 075",c-t-ico,O,Open,c-r-ot,H,"State House/Assembly",332,25993.91
dt=1&s=WI&y=2024&c-exi=1&c-r-ot=H&c-t-id=420099&c-r-ot=H,c-t-id,420099,"KOSTKA, FRANK J",c-t-eid,2932391,"KOSTKA, FRANK J",c-t-ftsts,Lost-General,Lost-General,c-t-sts,2,Lost,c-t-pt,139,REPUBLICAN,c-t-p,2,Republican,s,WI,WI,y,2024,2024,c-r-t,1,Standard,c-r-osid,8719,"ASSEMBLY DISTRICT 073",c-t-ico,O,Open,c-r-ot,H,"State House/Assembly",96,25427.78
dt=1&s=WI&y=2024&c-exi=1&c-r-ot=H&c-t-id=420055&c-r-ot=H,c-t-id,420055,"WILSON, DUANE",c-t-eid,59984502,"WILSON, DUANE",c-t-ftsts,Lost-Primary,Lost-Primary,c-t-sts,2,Lost,c-t-pt,139,REPUBLICAN,c-t-p,2,Republican,s,WI,WI,y,2024,2024,c-r-t,1,Standard,c-r-osid,8703,"ASSEMBLY DISTRICT 057",c-t-ico,C,Challenger,c-r-ot,H,"State House/Assembly",236,25420.55
dt=1&s=WI&y=2024&c-exi=1&c-r-ot=H&c-t-id=420003&c-r-ot=H,c-t-id,420003,"PENTERMAN, WILLIAM L",c-t-eid,52342253,"PENTERMAN, WILLIAM L",c-t-ftsts,Won-General,Won-General,c-t-sts,1,Won,c-t-pt,139,REPUBLICAN,c-t-p,2,Republican,s,WI,WI,y,2024,2024,c-r-t,1,Standard,c-r-osid,8684,"ASSEMBLY DISTRICT 038",c-t-ico,I,Incumbent,c-r-ot,H,"State House/Assembly",147,24519.00
dt=1&s=WI&y=2024&c-exi=1&c-r-ot=H&c-t-id=420051&c-r-ot=H,c-t-id,420051,"MURPHY, DAVID J",c-t-eid,2856629,"MURPHY, DAVID J",c-t-ftsts,Won-General,Won-General,c-t-sts,1,Won,c-t-pt,139,REPUBLICAN,c-t-p,2,Republican,s,WI,WI,y,2024,2024,c-r-t,1,Standard,c-r-osid,8702,"ASSEMBLY DISTRICT 056",c-t-ico,I,Incumbent,c-r-ot,H,"State House/Assembly",91,24456.61
dt=1&s=WI&y=2024&c-exi=1&c-r-ot=H&c-t-id=420000&c-r-ot=H,c-t-id,420000,"RYDZEWSKI, STEVE",c-t-eid,59984482,"RYDZEWSKI, STEVE",c-t-ftsts,Lost-Primary,Lost-Primary,c-t-sts,2,Lost,c-t-pt,139,REPUBLICAN,c-t-p,2,Republican,s,WI,WI,y,2024,2024,c-r-t,1,Standard,c-r-osid,8683,"ASSEMBLY DISTRICT 037",c-t-ico,C,Challenger,c-r-ot,H,"State House/Assembly",10,22200.00
dt=1&s=WI&y=2024&c-exi=1&c-r-ot=H&c-t-id=419974&c-r-ot=H,c-t-id,419974,"LADSON, KAY",c-t-eid,57811660,"LADSON, KAY",c-t-ftsts,Lost-General,Lost-General,c-t-sts,2,Lost,c-t-pt,33,DEMOCRATIC,c-t-p,1,Democratic,s,WI,WI,y,2024,2024,c-r-t,1,Standard,c-r-osid,8673,"ASSEMBLY DISTRICT 027",c-t-ico,O,Open,c-r-ot,H,"State House/Assembly",156,21394.23
dt=1&s=WI&y=2024&c-exi=1&c-r-ot=H&c-t-id=419990&c-r-ot=H,c-t-id,419990,"KUPSIK, ALAN",c-t-eid,24811752,"KUPSIK, ALAN",c-t-ftsts,Lost-General,Lost-General,c-t-sts,2,Lost,c-t-pt,33,DEMOCRATIC,c-t-p,1,Democratic,s,WI,WI,y,2024,2024,c-r-t,1,Standard,c-r-osid,8679,"ASSEMBLY DISTRICT 033",c-t-ico,C,Challenger,c-r-ot,H,"State House/Assembly",175,21364.91
dt=1&s=WI&y=2024&c-exi=1&c-r-ot=H&c-t-id=420053&c-r-ot=H,c-t-id,420053,"CAVES, RUTH",c-t-eid,3534513,"CAVES, RUTH",c-t-ftsts,Lost-General,Lost-General,c-t-sts,2,Lost,c-t-pt,33,DEMOCRATIC,c-t-p,1,Democratic,s,WI,WI,y,2024,2024,c-r-t,1,Standard,c-r-osid,8703,"ASSEMBLY DISTRICT 057",c-t-ico,C,Challenger,c-r-ot,H,"State House/Assembly",144,20429.76
dt=1&s=WI&y=2024&c-exi=1&c-r-ot=H&c-t-id=420107&c-r-ot=H,c-t-id,420107,"KLINE, NEIL",c-t-eid,59984530,"KLINE, NEIL",c-t-ftsts,Lost-Primary,Lost-Primary,c-t-sts,2,Lost,c-t-pt,139,REPUBLICAN,c-t-p,2,Republican,s,WI,WI,y,2024,2024,c-r-t,1,Standard,c-r-osid,8721,"ASSEMBLY DISTRICT 075",c-t-ico,O,Open,c-r-ot,H,"State House/Assembly",110,20279.15
dt=1&s=WI&y=2024&c-exi=1&c-r-ot=H&c-t-id=420056&c-r-ot=H,c-t-id,420056,"GUNDRUM, RICK",c-t-eid,44074856,"GUNDRUM, RICK",c-t-ftsts,Won-General,Won-General,c-t-sts,1,Won,c-t-pt,139,REPUBLICAN,c-t-p,2,Republican,s,WI,WI,y,2024,2024,c-r-t,1,Standard,c-r-osid,8704,"ASSEMBLY DISTRICT 058",c-t-ico,I,Incumbent,c-r-ot,H,"State House/Assembly",157,20134.00
dt=1&s=WI&y=2024&c-exi=1&c-r-ot=H&c-t-id=420081&c-r-ot=H,c-t-id,420081,"TAYLOR, CLIFF",c-t-eid,59984514,"TAYLOR, CLIFF",c-t-ftsts,Lost-Primary,Lost-Primary,c-t-sts,2,Lost,c-t-pt,139,REPUBLICAN,c-t-p,2,Republican,s,WI,WI,y,2024,2024,c-r-t,1,Standard,c-r-osid,8714,"ASSEMBLY DISTRICT 068",c-t-ico,C,Challenger,c-r-ot,H,"State House/Assembly",33,18968.01
dt=1&s=WI&y=2024&c-exi=1&c-r-ot=H&c-t-id=419964&c-r-ot=H,c-t-id,419964,"BRANDTJEN, JANEL",c-t-eid,13571436,"BRANDTJEN, JANEL",c-t-ftsts,Lost-Primary,Lost-Primary,c-t-sts,2,Lost,c-t-pt,139,REPUBLICAN,c-t-p,2,Republican,s,WI,WI,y,2024,2024,c-r-t,1,Standard,c-r-osid,8670,"ASSEMBLY DISTRICT 024",c-t-ico,I,Incumbent,c-r-ot,H,"State House/Assembly",80,18840.00
dt=1&s=WI&y=2024&c-exi=1&c-r-ot=H&c-t-id=419948&c-r-ot=H,c-t-id,419948,"HAYWOOD, KALAN",c-t-eid,3322158,"HAYWOOD, KALAN",c-t-ftsts,"Default Winner-General","Default Winner-General",c-t-sts,9,"Default Winner",c-t-pt,33,DEMOCRATIC,c-t-p,1,Democratic,s,WI,WI,y,2024,2024,c-r-t,1,Standard,c-r-osid,8662,"ASSEMBLY DISTRICT 016",c-t-ico,I,Incumbent,c-r-ot,H,"State House/Assembly",39,18600.00
dt=1&s=WI&y=2024&c-exi=1&c-r-ot=H&c-t-id=420058&c-r-ot=H,c-t-id,420058,"HOLZMAN, JACK",c-t-eid,57812114,"HOLZMAN, JACK",c-t-ftsts,Lost-General,Lost-General,c-t-sts,2,Lost,c-t-pt,33,DEMOCRATIC,c-t-p,1,Democratic,s,WI,WI,y,2024,2024,c-r-t,1,Standard,c-r-osid,8705,"ASSEMBLY DISTRICT 059",c-t-ico,C,Challenger,c-r-ot,H,"State House/Assembly",82,18478.46
dt=1&s=WI&y=2024&c-exi=1&c-r-ot=H&c-t-id=420103&c-r-ot=H,c-t-id,420103,"HARBRIDGE, SCOTT ALLEN",c-t-eid,59984526,"HARBRIDGE, SCOTT ALLEN",c-t-ftsts,Lost-Primary,Lost-Primary,c-t-sts,2,Lost,c-t-pt,139,REPUBLICAN,c-t-p,2,Republican,s,WI,WI,y,2024,2024,c-r-t,1,Standard,c-r-osid,8720,"ASSEMBLY DISTRICT 074",c-t-ico,C,Challenger,c-r-ot,H,"State House/Assembly",92,18379.29
dt=1&s=WI&y=2024&c-exi=1&c-r-ot=H&c-t-id=420027&c-r-ot=H,c-t-id,420027,"CONNORS, BILL",c-t-eid,59984491,"CONNORS, BILL",c-t-ftsts,Lost-Primary,Lost-Primary,c-t-sts,2,Lost,c-t-pt,33,DEMOCRATIC,c-t-p,1,Democratic,s,WI,WI,y,2024,2024,c-r-t,1,Standard,c-r-osid,8694,"ASSEMBLY DISTRICT 048",c-t-ico,O,Open,c-r-ot,H,"State House/Assembly",88,18143.43
dt=1&s=WI&y=2024&c-exi=1&c-r-ot=H&c-t-id=420116&c-r-ot=H,c-t-id,420116,"PEARSON, MAIA",c-t-eid,59697453,"PEARSON, MAIA",c-t-ftsts,Lost-Primary,Lost-Primary,c-t-sts,2,Lost,c-t-pt,33,DEMOCRATIC,c-t-p,1,Democratic,s,WI,WI,y,2024,2024,c-r-t,1,Standard,c-r-osid,8724,"ASSEMBLY DISTRICT 078",c-t-ico,C,Challenger,c-r-ot,H,"State House/Assembly",213,18128.34
dt=1&s=WI&y=2024&c-exi=1&c-r-ot=H&c-t-id=419906&c-r-ot=H,c-t-id,419906,"SAUNDERS, ALICIA",c-t-eid,59984439,"SAUNDERS, ALICIA",c-t-ftsts,Lost-General,Lost-General,c-t-sts,2,Lost,c-t-pt,33,DEMOCRATIC,c-t-p,1,Democratic,s,WI,WI,y,2024,2024,c-r-t,1,Standard,c-r-osid,8648,"ASSEMBLY DISTRICT 002",c-t-ico,C,Challenger,c-r-ot,H,"State House/Assembly",431,18011.58
dt=1&s=WI&y=2024&c-exi=1&c-r-ot=H&c-t-id=419918&c-r-ot=H,c-t-id,419918,"BEHNKE, ELIJAH",c-t-eid,52631385,"BEHNKE, ELIJAH",c-t-ftsts,Won-General,Won-General,c-t-sts,1,Won,c-t-pt,139,REPUBLICAN,c-t-p,2,Republican,s,WI,WI,y,2024,2024,c-r-t,1,Standard,c-r-osid,8652,"ASSEMBLY DISTRICT 006",c-t-ico,I,Incumbent,c-r-ot,H,"State House/Assembly",55,17519.00
dt=1&s=WI&y=2024&c-exi=1&c-r-ot=H&c-t-id=420105&c-r-ot=H,c-t-id,420105,"BRUCE, JEANNE RAND",c-t-eid,59984528,"BRUCE, JEANNE RAND",c-t-ftsts,Lost-General,Lost-General,c-t-sts,2,Lost,c-t-pt,33,DEMOCRATIC,c-t-p,1,Democratic,s,WI,WI,y,2024,2024,c-r-t,1,Standard,c-r-osid,8720,"ASSEMBLY DISTRICT 074",c-t-ico,C,Challenger,c-r-ot,H,"State House/Assembly",121,17516.04
dt=1&s=WI&y=2024&c-exi=1&c-r-ot=H&c-t-id=419929&c-r-ot=H,c-t-id,419929,"TAYLOR, SEQUANNA",c-t-eid,59984448,"TAYLOR, SEQUANNA",c-t-ftsts,"Default Winner-General","Default Winner-General",c-t-sts,9,"Default Winner",c-t-pt,33,DEMOCRATIC,c-t-p,1,Democratic,s,WI,WI,y,2024,2024,c-r-t,1,Standard,c-r-osid,8657,"ASSEMBLY DISTRICT 011",c-t-ico,O,Open,c-r-ot,H,"State House/Assembly",59,17277.30
dt=1&s=WI&y=2024&c-exi=1&c-r-ot=H&c-t-id=419927&c-r-ot=H,c-t-id,419927,"PRADO, PRISCILLA A",c-t-eid,59984446,"PRADO, PRISCILLA A",c-t-ftsts,Won-General,Won-General,c-t-sts,1,Won,c-t-pt,33,DEMOCRATIC,c-t-p,1,Democratic,s,WI,WI,y,2024,2024,c-r-t,1,Standard,c-r-osid,8655,"ASSEMBLY DISTRICT 009",c-t-ico,O,Open,c-r-ot,H,"State House/Assembly",60,17056.19
dt=1&s=WI&y=2024&c-exi=1&c-r-ot=H&c-t-id=420031&c-r-ot=H,c-t-id,420031,"RENK, AVERY K",c-t-eid,59984493,"RENK, AVERY K",c-t-ftsts,Lost-Primary,Lost-Primary,c-t-sts,2,Lost,c-t-pt,33,DEMOCRATIC,c-t-p,1,Democratic,s,WI,WI,y,2024,2024,c-r-t,1,Standard,c-r-osid,8694,"ASSEMBLY DISTRICT 048",c-t-ico,O,Open,c-r-ot,H,"State House/Assembly",32,16801.31
dt=1&s=WI&y=2024&c-exi=1&c-r-ot=H&c-t-id=420008&c-r-ot=H,c-t-id,420008,"COOK, BRAD",c-t-eid,59984487,"COOK, BRAD",c-t-ftsts,Lost-Primary,Lost-Primary,c-t-sts,2,Lost,c-t-pt,33,DEMOCRATIC,c-t-p,1,Democratic,s,WI,WI,y,2024,2024,c-r-t,1,Standard,c-r-osid,8686,"ASSEMBLY DISTRICT 040",c-t-ico,O,Open,c-r-ot,H,"State House/Assembly",80,15052.41
dt=1&s=WI&y=2024&c-exi=1&c-r-ot=H&c-t-id=420010&c-r-ot=H,c-t-id,420010,"HENLEY, JULIA",c-t-eid,28045028,"HENLEY, JULIA",c-t-ftsts,Lost-General,Lost-General,c-t-sts,2,Lost,c-t-pt,33,DEMOCRATIC,c-t-p,1,Democratic,s,WI,WI,y,2024,2024,c-r-t,1,Standard,c-r-osid,8687,"ASSEMBLY DISTRICT 041",c-t-ico,C,Challenger,c-r-ot,H,"State House/Assembly",47,14235.23
dt=1&s=WI&y=2024&c-exi=1&c-r-ot=H&c-t-id=419968&c-r-ot=H,c-t-id,419968,"WELCH, STEPHEN R",c-t-eid,59984468,"WELCH, STEPHEN R",c-t-ftsts,Lost-General,Lost-General,c-t-sts,2,Lost,c-t-pt,33,DEMOCRATIC,c-t-p,1,Democratic,s,WI,WI,y,2024,2024,c-r-t,1,Standard,c-r-osid,8671,"ASSEMBLY DISTRICT 025",c-t-ico,C,Challenger,c-r-ot,H,"State House/Assembly",95,14074.61
dt=1&s=WI&y=2024&c-exi=1&c-r-ot=H&c-t-id=419998&c-r-ot=H,c-t-id,419998,"MURRAY, BEN",c-t-eid,55649632,"MURRAY, BEN",c-t-ftsts,Lost-General,Lost-General,c-t-sts,2,Lost,c-t-pt,33,DEMOCRATIC,c-t-p,1,Democratic,s,WI,WI,y,2024,2024,c-r-t,1,Standard,c-r-osid,8682,"ASSEMBLY DISTRICT 036",c-t-ico,C,Challenger,c-r-ot,H,"State House/Assembly",90,13783.55
dt=1&s=WI&y=2024&c-exi=1&c-r-ot=H&c-t-id=420013&c-r-ot=H,c-t-id,420013,"WITHERSPOON, REBECCA",c-t-eid,56762129,"WITHERSPOON, REBECCA",c-t-ftsts,Lost-General,Lost-General,c-t-sts,2,Lost,c-t-pt,139,REPUBLICAN,c-t-p,2,Republican,s,WI,WI,y,2024,2024,c-r-t,1,Standard,c-r-osid,8688,"ASSEMBLY DISTRICT 042",c-t-ico,O,Open,c-r-ot,H,"State House/Assembly",72,13758.07
dt=1&s=WI&y=2024&c-exi=1&c-r-ot=H&c-t-id=420088&c-r-ot=H,c-t-id,420088,"VOSS, LORI J",c-t-eid,59984518,"VOSS, LORI J",c-t-ftsts,Lost-Primary,Lost-Primary,c-t-sts,2,Lost,c-t-pt,139,REPUBLICAN,c-t-p,2,Republican,s,WI,WI,y,2024,2024,c-r-t,1,Standard,c-r-osid,8715,"ASSEMBLY DISTRICT 069",c-t-ico,C,Challenger,c-r-ot,H,"State House/Assembly",19,13634.65
dt=1&s=WI&y=2024&c-exi=1&c-r-ot=H&c-t-id=420033&c-r-ot=H,c-t-id,420033,"WALKER, SCOTT",c-t-eid,50292638,"WALKER, SCOTT",c-t-ftsts,Lost-General,Lost-General,c-t-sts,2,Lost,c-t-pt,33,DEMOCRATIC,c-t-p,1,Democratic,s,WI,WI,y,2024,2024,c-r-t,1,Standard,c-r-osid,8695,"ASSEMBLY DISTRICT 049",c-t-ico,C,Challenger,c-r-ot,H,"State House/Assembly",82,13609.09
dt=1&s=WI&y=2024&c-exi=1&c-r-ot=H&c-t-id=420127&c-r-ot=H,c-t-id,420127,"MAXEY, DAVE",c-t-eid,26242610,"MAXEY, DAVE",c-t-ftsts,Won-General,Won-General,c-t-sts,1,Won,c-t-pt,139,REPUBLICAN,c-t-p,2,Republican,s,WI,WI,y,2024,2024,c-r-t,1,Standard,c-r-osid,8729,"ASSEMBLY DISTRICT 083",c-t-ico,I,Incumbent,c-r-ot,H,"State House/Assembly",97,13535.63
dt=1&s=WI&y=2024&c-exi=1&c-r-ot=H&c-t-id=420160&c-r-ot=H,c-t-id,420160,"CAMPBELL, STEVE",c-t-eid,59984551,"CAMPBELL, STEVE",c-t-ftsts,Lost-Primary,Lost-Primary,c-t-sts,2,Lost,c-t-pt,33,DEMOCRATIC,c-t-p,1,Democratic,s,WI,WI,y,2024,2024,c-r-t,1,Standard,c-r-osid,8742,"ASSEMBLY DISTRICT 096",c-t-ico,C,Challenger,c-r-ot,H,"State House/Assembly",77,13428.86
dt=1&s=WI&y=2024&c-exi=1&c-r-ot=H&c-t-id=419965&c-r-ot=H,c-t-id,419965,"WALTER, WILLIAM",c-t-eid,59984467,"WALTER, WILLIAM",c-t-ftsts,Lost-General,Lost-General,c-t-sts,2,Lost,c-t-pt,33,DEMOCRATIC,c-t-p,1,Democratic,s,WI,WI,y,2024,2024,c-r-t,1,Standard,c-r-osid,8670,"ASSEMBLY DISTRICT 024",c-t-ico,O,Open,c-r-ot,H,"State House/Assembly",92,13176.66
dt=1&s=WI&y=2024&c-exi=1&c-r-ot=H&c-t-id=420133&c-r-ot=H,c-t-id,420133,"SPINDLER, TRINE",c-t-eid,59984540,"SPINDLER, TRINE",c-t-ftsts,Lost-Primary,Lost-Primary,c-t-sts,2,Lost,c-t-pt,139,REPUBLICAN,c-t-p,2,Republican,s,WI,WI,y,2024,2024,c-r-t,1,Standard,c-r-osid,8732,"ASSEMBLY DISTRICT 086",c-t-ico,C,Challenger,c-r-ot,H,"State House/Assembly",36,12845.00
dt=1&s=WI&y=2024&c-exi=1&c-r-ot=H&c-t-id=420098&c-r-ot=H,c-t-id,420098,"CAMPBELL, SUZANNE M",c-t-eid,59984525,"CAMPBELL, SUZANNE M",c-t-ftsts,Lost-General,Lost-General,c-t-sts,2,Lost,c-t-pt,33,DEMOCRATIC,c-t-p,1,Democratic,s,WI,WI,y,2024,2024,c-r-t,1,Standard,c-r-osid,8718,"ASSEMBLY DISTRICT 072",c-t-ico,C,Challenger,c-r-ot,H,"State House/Assembly",55,12771.33
dt=1&s=WI&y=2024&c-exi=1&c-r-ot=H&c-t-id=419994&c-r-ot=H,c-t-id,419994,"MCCRANK, ELIZABETH",c-t-eid,59984480,"MCCRANK, ELIZABETH",c-t-ftsts,Lost-General,Lost-General,c-t-sts,2,Lost,c-t-pt,33,DEMOCRATIC,c-t-p,1,Democratic,s,WI,WI,y,2024,2024,c-r-t,1,Standard,c-r-osid,8681,"ASSEMBLY DISTRICT 035",c-t-ico,C,Challenger,c-r-ot,H,"State House/Assembly",59,12576.67
dt=1&s=WI&y=2024&c-exi=1&c-r-ot=H&c-t-id=420134&c-r-ot=H,c-t-id,420134,"SMALL, JOHN H",c-t-eid,40613032,"SMALL, JOHN H",c-t-ftsts,Lost-General,Lost-General,c-t-sts,2,Lost,c-t-pt,33,DEMOCRATIC,c-t-p,1,Democratic,s,WI,WI,y,2024,2024,c-r-t,1,Standard,c-r-osid,8732,"ASSEMBLY DISTRICT 086",c-t-ico,C,Challenger,c-r-ot,H,"State House/Assembly",78,12423.80
dt=1&s=WI&y=2024&c-exi=1&c-r-ot=H&c-t-id=420005&c-r-ot=H,c-t-id,420005,"GORDON, CHRIS",c-t-eid,59984485,"GORDON, CHRIS",c-t-ftsts,Lost-General,Lost-General,c-t-sts,2,Lost,c-t-pt,33,DEMOCRATIC,c-t-p,1,Democratic,s,WI,WI,y,2024,2024,c-r-t,1,Standard,c-r-osid,8685,"ASSEMBLY DISTRICT 039",c-t-ico,C,Challenger,c-r-ot,H,"State House/Assembly",76,12314.70
dt=1&s=WI&y=2024&c-exi=1&c-r-ot=H&c-t-id=420041&c-r-ot=H,c-t-id,420041,"COOKE, CHAD",c-t-eid,59984497,"COOKE, CHAD",c-t-ftsts,Lost-General,Lost-General,c-t-sts,2,Lost,c-t-pt,139,REPUBLICAN,c-t-p,2,Republican,s,WI,WI,y,2024,2024,c-r-t,1,Standard,c-r-osid,8698,"ASSEMBLY DISTRICT 052",c-t-ico,C,Challenger,c-r-ot,H,"State House/Assembly",9,12302.37
dt=1&s=WI&y=2024&c-exi=1&c-r-ot=H&c-t-id=420028&c-r-ot=H,c-t-id,420028,"RUBRICH, LISA",c-t-eid,13540517,"RUBRICH, LISA",c-t-ftsts,Lost-General,Lost-General,c-t-sts,2,Lost,c-t-pt,139,REPUBLICAN,c-t-p,2,Republican,s,WI,WI,y,2024,2024,c-r-t,1,Standard,c-r-osid,8694,"ASSEMBLY DISTRICT 048",c-t-ico,O,Open,c-r-ot,H,"State House/Assembly",16,11999.19
dt=1&s=WI&y=2024&c-exi=1&c-r-ot=H&c-t-id=420069&c-r-ot=H,c-t-id,420069,"HIBSCH, ED",c-t-eid,55649669,"HIBSCH, ED",c-t-ftsts,Lost-General,Lost-General,c-t-sts,2,Lost,c-t-pt,139,REPUBLICAN,c-t-p,2,Republican,s,WI,WI,y,2024,2024,c-r-t,1,Standard,c-r-osid,8710,"ASSEMBLY DISTRICT 064",c-t-ico,C,Challenger,c-r-ot,H,"State House/Assembly",10,11807.41
dt=1&s=WI&y=2024&c-exi=1&c-r-ot=H&c-t-id=420150&c-r-ot=H,c-t-id,420150,"BERG, CADEN G",c-t-eid,59984548,"BERG, CADEN G",c-t-ftsts,Lost-Primary,Lost-Primary,c-t-sts,2,Lost,c-t-pt,33,DEMOCRATIC,c-t-p,1,Democratic,s,WI,WI,y,2024,2024,c-r-t,1,Standard,c-r-osid,8738,"ASSEMBLY DISTRICT 092",c-t-ico,O,Open,c-r-ot,H,"State House/Assembly",93,11471.81
dt=1&s=WI&y=2024&c-exi=1&c-r-ot=H&c-t-id=419935&c-r-ot=H,c-t-id,419935,"GOODWIN, RUSSELL ANTONIO",c-t-eid,59984453,"GOODWIN, RUSSELL ANTONIO",c-t-ftsts,Won-General,Won-General,c-t-sts,1,Won,c-t-pt,33,DEMOCRATIC,c-t-p,1,Democratic,s,WI,WI,y,2024,2024,c-r-t,1,Standard,c-r-osid,8658,"ASSEMBLY DISTRICT 012",c-t-ico,O,Open,c-r-ot,H,"State House/Assembly",35,11332.52
dt=1&s=WI&y=2024&c-exi=1&c-r-ot=H&c-t-id=420052&c-r-ot=H,c-t-id,420052,"TESTIN, DYLAN",c-t-eid,59984501,"TESTIN, DYLAN",c-t-ftsts,Lost-General,Lost-General,c-t-sts,2,Lost,c-t-pt,62,INDEPENDENT,c-t-p,3,Third-Party,s,WI,WI,y,2024,2024,c-r-t,1,Standard,c-r-osid,8703,"ASSEMBLY DISTRICT 057",c-t-ico,C,Challenger,c-r-ot,H,"State House/Assembly",44,11030.56
dt=1&s=WI&y=2024&c-exi=1&c-r-ot=H&c-t-id=420001&c-r-ot=H,c-t-id,420001,"BATES, LATOYA",c-t-eid,59984483,"BATES, LATOYA",c-t-ftsts,Lost-General,Lost-General,c-t-sts,2,Lost,c-t-pt,33,DEMOCRATIC,c-t-p,1,Democratic,s,WI,WI,y,2024,2024,c-r-t,1,Standard,c-r-osid,8683,"ASSEMBLY DISTRICT 037",c-t-ico,C,Challenger,c-r-ot,H,"State House/Assembly",68,10860.18
dt=1&s=WI&y=2024&c-exi=1&c-r-ot=H&c-t-id=420080&c-r-ot=H,c-t-id,420080,"FOSTER, JEFF",c-t-eid,50299353,"FOSTER, JEFF",c-t-ftsts,Lost-General,Lost-General,c-t-sts,2,Lost,c-t-pt,33,DEMOCRATIC,c-t-p,1,Democratic,s,WI,WI,y,2024,2024,c-r-t,1,Standard,c-r-osid,8713,"ASSEMBLY DISTRICT 067",c-t-ico,C,Challenger,c-r-ot,H,"State House/Assembly",64,10604.01
dt=1&s=WI&y=2024&c-exi=1&c-r-ot=H&c-t-id=420124&c-r-ot=H,c-t-id,420124,"REILLY, KEVIN",c-t-eid,58631562,"REILLY, KEVIN",c-t-ftsts,Lost-General,Lost-General,c-t-sts,2,Lost,c-t-pt,33,DEMOCRATIC,c-t-p,1,Democratic,s,WI,WI,y,2024,2024,c-r-t,1,Standard,c-r-osid,8728,"ASSEMBLY DISTRICT 082",c-t-ico,C,Challenger,c-r-ot,H,"State House/Assembly",68,10399.81
dt=1&s=WI&y=2024&c-exi=1&c-r-ot=H&c-t-id=419992&c-r-ot=H,c-t-id,419992,"NITZEL SR, DENNIS",c-t-eid,59984479,"NITZEL SR, DENNIS",c-t-ftsts,Lost-General,Lost-General,c-t-sts,2,Lost,c-t-pt,33,DEMOCRATIC,c-t-p,1,Democratic,s,WI,WI,y,2024,2024,c-r-t,1,Standard,c-r-osid,8680,"ASSEMBLY DISTRICT 034",c-t-ico,C,Challenger,c-r-ot,H,"State House/Assembly",42,10290.90
dt=1&s=WI&y=2024&c-exi=1&c-r-ot=H&c-t-id=420057&c-r-ot=H,c-t-id,420057,"ANDERSON, DEB",c-t-eid,15683873,"ANDERSON, DEB",c-t-ftsts,Lost-General,Lost-General,c-t-sts,2,Lost,c-t-pt,33,DEMOCRATIC,c-t-p,1,Democratic,s,WI,WI,y,2024,2024,c-r-t,1,Standard,c-r-osid,8704,"ASSEMBLY DISTRICT 058",c-t-ico,I,Incumbent,c-r-ot,H,"State House/Assembly",51,10166.36
dt=1&s=WI&y=2024&c-exi=1&c-r-ot=H&c-t-id=419986&c-r-ot=H,c-t-id,419986,"DHINDSA, MICHAEL",c-t-eid,59984477,"DHINDSA, MICHAEL",c-t-ftsts,Lost-General,Lost-General,c-t-sts,2,Lost,c-t-pt,33,DEMOCRATIC,c-t-p,1,Democratic,s,WI,WI,y,2024,2024,c-r-t,1,Standard,c-r-osid,8678,"ASSEMBLY DISTRICT 032",c-t-ico,C,Challenger,c-r-ot,H,"State House/Assembly",13,9853.09
dt=1&s=WI&y=2024&c-exi=1&c-r-ot=H&c-t-id=420090&c-r-ot=H,c-t-id,420090,"GOMEZ, REMY",c-t-eid,55649679,"GOMEZ, REMY",c-t-ftsts,Lost-General,Lost-General,c-t-sts,2,Lost,c-t-pt,33,DEMOCRATIC,c-t-p,1,Democratic,s,WI,WI,y,2024,2024,c-r-t,1,Standard,c-r-osid,8716,"ASSEMBLY DISTRICT 070",c-t-ico,C,Challenger,c-r-ot,H,"State House/Assembly",50,9295.63
dt=1&s=WI&y=2024&c-exi=1&c-r-ot=H&c-t-id=419910&c-r-ot=H,c-t-id,419910,"SCHMITZ, JASON",c-t-eid,59984440,"SCHMITZ, JASON",c-t-ftsts,Lost-General,Lost-General,c-t-sts,2,Lost,c-t-pt,33,DEMOCRATIC,c-t-p,1,Democratic,s,WI,WI,y,2024,2024,c-r-t,1,Standard,c-r-osid,8649,"ASSEMBLY DISTRICT 003",c-t-ico,C,Challenger,c-r-ot,H,"State House/Assembly",35,9075.04
dt=1&s=WI&y=2024&c-exi=1&c-r-ot=H&c-t-id=420071&c-r-ot=H,c-t-id,420071,"FLOOD, KYLE",c-t-eid,59984507,"FLOOD, KYLE",c-t-ftsts,Lost-Primary,Lost-Primary,c-t-sts,2,Lost,c-t-pt,33,DEMOCRATIC,c-t-p,1,Democratic,s,WI,WI,y,2024,2024,c-r-t,1,Standard,c-r-osid,8711,"ASSEMBLY DISTRICT 065",c-t-ico,O,Open,c-r-ot,H,"State House/Assembly",67,8517.20
dt=1&s=WI&y=2024&c-exi=1&c-r-ot=H&c-t-id=420078&c-r-ot=H,c-t-id,420078,"SWENSON, JIMMY",c-t-eid,59984513,"SWENSON, JIMMY",c-t-ftsts,Lost-Primary,Lost-Primary,c-t-sts,2,Lost,c-t-pt,139,REPUBLICAN,c-t-p,2,Republican,s,WI,WI,y,2024,2024,c-r-t,1,Standard,c-r-osid,8713,"ASSEMBLY DISTRICT 067",c-t-ico,C,Challenger,c-r-ot,H,"State House/Assembly",35,8438.01
dt=1&s=WI&y=2024&c-exi=1&c-r-ot=H&c-t-id=419977&c-r-ot=H,c-t-id,419977,"PENFIELD, BRADY",c-t-eid,59984472,"PENFIELD, BRADY",c-t-ftsts,Lost-Primary,Lost-Primary,c-t-sts,2,Lost,c-t-pt,139,REPUBLICAN,c-t-p,2,Republican,s,WI,WI,y,2024,2024,c-r-t,1,Standard,c-r-osid,8674,"ASSEMBLY DISTRICT 028",c-t-ico,O,Open,c-r-ot,H,"State House/Assembly",60,8343.39
dt=1&s=WI&y=2024&c-exi=1&c-r-ot=H&c-t-id=420169&c-r-ot=H,c-t-id,420169,"PFANNERSTILL, JEFFREY",c-t-eid,59984555,"PFANNERSTILL, JEFFREY",c-t-ftsts,Lost-Primary,Lost-Primary,c-t-sts,2,Lost,c-t-pt,139,REPUBLICAN,c-t-p,2,Republican,s,WI,WI,y,2024,2024,c-r-t,1,Standard,c-r-osid,8745,"ASSEMBLY DISTRICT 099",c-t-ico,C,Challenger,c-r-ot,H,"State House/Assembly",34,8328.72
dt=1&s=WI&y=2024&c-exi=1&c-r-ot=H&c-t-id=420137&c-r-ot=H,c-t-id,420137,"SWITALLA, WILLIAM",c-t-eid,59984541,"SWITALLA, WILLIAM",c-t-ftsts,Lost-General,Lost-General,c-t-sts,2,Lost,c-t-pt,33,DEMOCRATIC,c-t-p,1,Democratic,s,WI,WI,y,2024,2024,c-r-t,1,Standard,c-r-osid,8733,"ASSEMBLY DISTRICT 087",c-t-ico,C,Challenger,c-r-ot,H,"State House/Assembly",61,7804.49
dt=1&s=WI&y=2024&c-exi=1&c-r-ot=H&c-t-id=419917&c-r-ot=H,c-t-id,419917,"HINZE, SHIRLEY",c-t-eid,59248328,"HINZE, SHIRLEY",c-t-ftsts,Lost-General,Lost-General,c-t-sts,2,Lost,c-t-pt,33,DEMOCRATIC,c-t-p,1,Democratic,s,WI,WI,y,2024,2024,c-r-t,1,Standard,c-r-osid,8652,"ASSEMBLY DISTRICT 006",c-t-ico,C,Challenger,c-r-ot,H,"State House/Assembly",79,7761.86
dt=1&s=WI&y=2024&c-exi=1&c-r-ot=H&c-t-id=420087&c-r-ot=H,c-t-id,420087,"HALLS, ROGER",c-t-eid,51087416,"HALLS, ROGER",c-t-ftsts,Lost-General,Lost-General,c-t-sts,2,Lost,c-t-pt,33,DEMOCRATIC,c-t-p,1,Democratic,s,WI,WI,y,2024,2024,c-r-t,1,Standard,c-r-osid,8715,"ASSEMBLY DISTRICT 069",c-t-ico,C,Challenger,c-r-ot,H,"State House/Assembly",46,7455.59
dt=1&s=WI&y=2024&c-exi=1&c-r-ot=H&c-t-id=419933&c-r-ot=H,c-t-id,419933,"WILLFORD, BRANDON",c-t-eid,59984451,"WILLFORD, BRANDON",c-t-ftsts,Lost-Primary,Lost-Primary,c-t-sts,2,Lost,c-t-pt,33,DEMOCRATIC,c-t-p,1,Democratic,s,WI,WI,y,2024,2024,c-r-t,1,Standard,c-r-osid,8658,"ASSEMBLY DISTRICT 012",c-t-ico,O,Open,c-r-ot,H,"State House/Assembly",72,7232.53
dt=1&s=WI&y=2024&c-exi=1&c-r-ot=H&c-t-id=419928&c-r-ot=H,c-t-id,419928,"MADISON, DARRIN",c-t-eid,43990437,"MADISON, DARRIN",c-t-ftsts,"Default Winner-General","Default Winner-General",c-t-sts,9,"Default Winner",c-t-pt,33,DEMOCRATIC,c-t-p,1,Democratic,s,WI,WI,y,2024,2024,c-r-t,1,Standard,c-r-osid,8656,"ASSEMBLY DISTRICT 010",c-t-ico,I,Incumbent,c-r-ot,H,"State House/Assembly",247,6950.50
dt=1&s=WI&y=2024&c-exi=1&c-r-ot=H&c-t-id=420082&c-r-ot=H,c-t-id,420082,"PULCHER, RICHARD",c-t-eid,24811810,"PULCHER, RICHARD",c-t-ftsts,Lost-General,Lost-General,c-t-sts,2,Lost,c-t-pt,33,DEMOCRATIC,c-t-p,1,Democratic,s,WI,WI,y,2024,2024,c-r-t,1,Standard,c-r-osid,8714,"ASSEMBLY DISTRICT 068",c-t-ico,C,Challenger,c-r-ot,H,"State House/Assembly",36,6715.52
dt=1&s=WI&y=2024&c-exi=1&c-r-ot=H&c-t-id=420002&c-r-ot=H,c-t-id,420002,"NEVAREZ, IZZY HASSEY",c-t-eid,59984484,"NEVAREZ, IZZY HASSEY",c-t-ftsts,Lost-General,Lost-General,c-t-sts,2,Lost,c-t-pt,33,DEMOCRATIC,c-t-p,1,Democratic,s,WI,WI,y,2024,2024,c-r-t,1,Standard,c-r-osid,8684,"ASSEMBLY DISTRICT 038",c-t-ico,C,Challenger,c-r-ot,H,"State House/Assembly",21,6240.09
dt=1&s=WI&y=2024&c-exi=1&c-r-ot=H&c-t-id=420030&c-r-ot=H,c-t-id,420030,"OBIEZE, GOODWILL CHEKWUBE",c-t-eid,59984492,"OBIEZE, GOODWILL CHEKWUBE",c-t-ftsts,Lost-Primary,Lost-Primary,c-t-sts,2,Lost,c-t-pt,33,DEMOCRATIC,c-t-p,1,Democratic,s,WI,WI,y,2024,2024,c-r-t,1,Standard,c-r-osid,8694,"ASSEMBLY DISTRICT 048",c-t-ico,O,Open,c-r-ot,H,"State House/Assembly",46,6125.38
dt=1&s=WI&y=2024&c-exi=1&c-r-ot=H&c-t-id=419921&c-r-ot=H,c-t-id,419921,"WHITING, LEE",c-t-eid,57810246,"WHITING, LEE",c-t-ftsts,Lost-General,Lost-General,c-t-sts,2,Lost,c-t-pt,139,REPUBLICAN,c-t-p,2,Republican,s,WI,WI,y,2024,2024,c-r-t,1,Standard,c-r-osid,8653,"ASSEMBLY DISTRICT 007",c-t-ico,O,Open,c-r-ot,H,"State House/Assembly",23,5851.71
dt=1&s=WI&y=2024&c-exi=1&c-r-ot=H&c-t-id=420032&c-r-ot=H,c-t-id,420032,"ROSE, RICK E",c-t-eid,59984494,"ROSE, RICK E",c-t-ftsts,Lost-Primary,Lost-Primary,c-t-sts,2,Lost,c-t-pt,33,DEMOCRATIC,c-t-p,1,Democratic,s,WI,WI,y,2024,2024,c-r-t,1,Standard,c-r-osid,8694,"ASSEMBLY DISTRICT 048",c-t-ico,O,Open,c-r-ot,H,"State House/Assembly",54,5839.64
dt=1&s=WI&y=2024&c-exi=1&c-r-ot=H&c-t-id=419926&c-r-ot=H,c-t-id,419926,"ESPANA, DEISY",c-t-eid,58413995,"ESPANA, DEISY",c-t-ftsts,Lost-Primary,Lost-Primary,c-t-sts,2,Lost,c-t-pt,33,DEMOCRATIC,c-t-p,1,Democratic,s,WI,WI,y,2024,2024,c-r-t,1,Standard,c-r-osid,8655,"ASSEMBLY DISTRICT 009",c-t-ico,O,Open,c-r-ot,H,"State House/Assembly",73,5739.50
dt=1&s=WI&y=2024&c-exi=1&c-r-ot=H&c-t-id=420129&c-r-ot=H,c-t-id,420129,"WICHGERS, CHUCK",c-t-eid,40613030,"WICHGERS, CHUCK",c-t-ftsts,Won-General,Won-General,c-t-sts,1,Won,c-t-pt,139,REPUBLICAN,c-t-p,2,Republican,s,WI,WI,y,2024,2024,c-r-t,1,Standard,c-r-osid,8730,"ASSEMBLY DISTRICT 084",c-t-ico,I,Incumbent,c-r-ot,H,"State House/Assembly",18,5615.00
dt=1&s=WI&y=2024&c-exi=1&c-r-ot=H&c-t-id=419949&c-r-ot=H,c-t-id,419949,"MOORE OMOKUNDE, SUPREME",c-t-eid,59984461,"MOORE OMOKUNDE, SUPREME",c-t-ftsts,"Default Winner-General","Default Winner-General",c-t-sts,9,"Default Winner",c-t-pt,33,DEMOCRATIC,c-t-p,1,Democratic,s,WI,WI,y,2024,2024,c-r-t,1,Standard,c-r-osid,8663,"ASSEMBLY DISTRICT 017",c-t-ico,O,Open,c-r-ot,H,"State House/Assembly",29,5457.39
dt=1&s=WI&y=2024&c-exi=1&c-r-ot=H&c-t-id=420014&c-r-ot=H,c-t-id,420014,"KURTZ, DYLAN",c-t-eid,59984489,"KURTZ, DYLAN",c-t-ftsts,Lost-Primary,Lost-Primary,c-t-sts,2,Lost,c-t-pt,139,REPUBLICAN,c-t-p,2,Republican,s,WI,WI,y,2024,2024,c-r-t,1,Standard,c-r-osid,8689,"ASSEMBLY DISTRICT 043",c-t-ico,I,Incumbent,c-r-ot,H,"State House/Assembly",6,5284.77
dt=1&s=WI&y=2024&c-exi=1&c-r-ot=H&c-t-id=420147&c-r-ot=H,c-t-id,420147,"HENDERSON, JESSICA",c-t-eid,59984546,"HENDERSON, JESSICA",c-t-ftsts,Lost-General,Lost-General,c-t-sts,2,Lost,c-t-pt,139,REPUBLICAN,c-t-p,2,Republican,s,WI,WI,y,2024,2024,c-r-t,1,Standard,c-r-osid,8736,"ASSEMBLY DISTRICT 090",c-t-ico,O,Open,c-r-ot,H,"State House/Assembly",8,4455.54
dt=1&s=WI&y=2024&c-exi=1&c-r-ot=H&c-t-id=419908&c-r-ot=H,c-t-id,419908,"VOIGHT, EMILY",c-t-eid,50058090,"VOIGHT, EMILY",c-t-ftsts,Disqualified-Primary,Disqualified-Primary,c-t-sts,6,Disqualified,c-t-pt,33,DEMOCRATIC,c-t-p,1,Democratic,s,WI,WI,y,2024,2024,c-r-t,1,Standard,c-r-osid,8649,"ASSEMBLY DISTRICT 003",c-t-ico,O,Open,c-r-ot,H,"State House/Assembly",63,4347.00
dt=1&s=WI&y=2024&c-exi=1&c-r-ot=H&c-t-id=419931&c-r-ot=H,c-t-id,419931,"BANKS, RICK",c-t-eid,59252001,"BANKS, RICK",c-t-ftsts,Disqualified-Primary,Disqualified-Primary,c-t-sts,6,Disqualified,c-t-pt,33,DEMOCRATIC,c-t-p,1,Democratic,s,WI,WI,y,2024,2024,c-r-t,1,Standard,c-r-osid,8657,"ASSEMBLY DISTRICT 011",c-t-ico,O,Open,c-r-ot,H,"State House/Assembly",28,4201.97
dt=1&s=WI&y=2024&c-exi=1&c-r-ot=H&c-t-id=420102&c-r-ot=H,c-t-id,420102,"ADAMS, JOHN CHARLES",c-t-eid,45435584,"ADAMS, JOHN CHARLES",c-t-ftsts,Lost-Primary,Lost-Primary,c-t-sts,2,Lost,c-t-pt,33,DEMOCRATIC,c-t-p,1,Democratic,s,WI,WI,y,2024,2024,c-r-t,1,Standard,c-r-osid,8719,"ASSEMBLY DISTRICT 073",c-t-ico,O,Open,c-r-ot,H,"State House/Assembly",38,4086.75
dt=1&s=WI&y=2024&c-exi=1&c-r-ot=H&c-t-id=419904&c-r-ot=H,c-t-id,419904,"SWAGEL, MILT",c-t-eid,55649584,"SWAGEL, MILT",c-t-ftsts,Lost-Primary,Lost-Primary,c-t-sts,2,Lost,c-t-pt,139,REPUBLICAN,c-t-p,2,Republican,s,WI,WI,y,2024,2024,c-r-t,1,Standard,c-r-osid,8647,"ASSEMBLY DISTRICT 001",c-t-ico,C,Challenger,c-r-ot,H,"State House/Assembly",7,3950.00
dt=1&s=WI&y=2024&c-exi=1&c-r-ot=H&c-t-id=420120&c-r-ot=H,c-t-id,420120,"RELPH, ROBERT",c-t-eid,55649580,"RELPH, ROBERT",c-t-ftsts,Lost-General,Lost-General,c-t-sts,2,Lost,c-t-pt,139,REPUBLICAN,c-t-p,2,Republican,s,WI,WI,y,2024,2024,c-r-t,1,Standard,c-r-osid,8726,"ASSEMBLY DISTRICT 080",c-t-ico,C,Challenger,c-r-ot,H,"State House/Assembly",8,3945.47
dt=1&s=WI&y=2024&c-exi=1&c-r-ot=H&c-t-id=419911&c-r-ot=H,c-t-id,419911,"UNERTL, ALEXIA",c-t-eid,59984441,"UNERTL, ALEXIA",c-t-ftsts,Lost-Primary,Lost-Primary,c-t-sts,2,Lost,c-t-pt,33,DEMOCRATIC,c-t-p,1,Democratic,s,WI,WI,y,2024,2024,c-r-t,1,Standard,c-r-osid,8650,"ASSEMBLY DISTRICT 004",c-t-ico,O,Open,c-r-ot,H,"State House/Assembly",12,3525.00
dt=1&s=WI&y=2024&c-exi=1&c-r-ot=H&c-t-id=420165&c-r-ot=H,c-t-id,420165,"SCHMECHEL, DEL A",c-t-eid,59984553,"SCHMECHEL, DEL A",c-t-ftsts,Lost-General,Lost-General,c-t-sts,2,Lost,c-t-pt,33,DEMOCRATIC,c-t-p,1,Democratic,s,WI,WI,y,2024,2024,c-r-t,1,Standard,c-r-osid,8744,"ASSEMBLY DISTRICT 098",c-t-ico,O,Open,c-r-ot,H,"State House/Assembly",7,3513.96
dt=1&s=WI&y=2024&c-exi=1&c-r-ot=H&c-t-id=419915&c-r-ot=H,c-t-id,419915,"SAMPSON, GREG",c-t-eid,59984443,"SAMPSON, GREG",c-t-ftsts,Lost-General,Lost-General,c-t-sts,2,Lost,c-t-pt,33,DEMOCRATIC,c-t-p,1,Democratic,s,WI,WI,y,2024,2024,c-r-t,1,Standard,c-r-osid,8651,"ASSEMBLY DISTRICT 005",c-t-ico,C,Challenger,c-r-ot,H,"State House/Assembly",24,3370.00
dt=1&s=WI&y=2024&c-exi=1&c-r-ot=H&c-t-id=420164&c-r-ot=H,c-t-id,420164,"LEONARD, BETH",c-t-eid,59984552,"LEONARD, BETH",c-t-ftsts,Lost-General,Lost-General,c-t-sts,2,Lost,c-t-pt,33,DEMOCRATIC,c-t-p,1,Democratic,s,WI,WI,y,2024,2024,c-r-t,1,Standard,c-r-osid,8743,"ASSEMBLY DISTRICT 097",c-t-ico,C,Challenger,c-r-ot,H,"State House/Assembly",5,3271.46
dt=1&s=WI&y=2024&c-exi=1&c-r-ot=H&c-t-id=420126&c-r-ot=H,c-t-id,420126,"DAMICO, SAMUEL N",c-t-eid,59984536,"DAMICO, SAMUEL N",c-t-ftsts,Lost-Primary,Lost-Primary,c-t-sts,2,Lost,c-t-pt,33,DEMOCRATIC,c-t-p,1,Democratic,s,WI,WI,y,2024,2024,c-r-t,1,Standard,c-r-osid,8728,"ASSEMBLY DISTRICT 082",c-t-ico,O,Open,c-r-ot,H,"State House/Assembly",18,2915.24
dt=1&s=WI&y=2024&c-exi=1&c-r-ot=H&c-t-id=419938&c-r-ot=H,c-t-id,419938,"GRANGER, PATTI",c-t-eid,59984456,"GRANGER, PATTI",c-t-ftsts,Lost-Primary,Lost-Primary,c-t-sts,2,Lost,c-t-pt,139,REPUBLICAN,c-t-p,2,Republican,s,WI,WI,y,2024,2024,c-r-t,1,Standard,c-r-osid,8659,"ASSEMBLY DISTRICT 013",c-t-ico,C,Challenger,c-r-ot,H,"State House/Assembly",21,2747.71
dt=1&s=WI&y=2024&c-exi=1&c-r-ot=H&c-t-id=420130&c-r-ot=H,c-t-id,420130,"ROPER, ZACH",c-t-eid,59984538,"ROPER, ZACH",c-t-ftsts,Lost-General,Lost-General,c-t-sts,2,Lost,c-t-pt,33,DEMOCRATIC,c-t-p,1,Democratic,s,WI,WI,y,2024,2024,c-r-t,1,Standard,c-r-osid,8730,"ASSEMBLY DISTRICT 084",c-t-ico,C,Challenger,c-r-ot,H,"State House/Assembly",8,2655.00
dt=1&s=WI&y=2024&c-exi=1&c-r-ot=H&c-t-id=419914&c-r-ot=H,c-t-id,419914,"BEHNKE, DARWIN",c-t-eid,59984442,"BEHNKE, DARWIN",c-t-ftsts,Lost-Primary,Lost-Primary,c-t-sts,2,Lost,c-t-pt,139,REPUBLICAN,c-t-p,2,Republican,s,WI,WI,y,2024,2024,c-r-t,1,Standard,c-r-osid,8650,"ASSEMBLY DISTRICT 004",c-t-ico,I,Incumbent,c-r-ot,H,"State House/Assembly",17,2474.06
dt=1&s=WI&y=2024&c-exi=1&c-r-ot=H&c-t-id=419924&c-r-ot=H,c-t-id,419924,"MURGUIA, ENRIQUE",c-t-eid,50058104,"MURGUIA, ENRIQUE",c-t-ftsts,Lost-Primary,Lost-Primary,c-t-sts,2,Lost,c-t-pt,33,DEMOCRATIC,c-t-p,1,Democratic,s,WI,WI,y,2024,2024,c-r-t,1,Standard,c-r-osid,8654,"ASSEMBLY DISTRICT 008",c-t-ico,C,Challenger,c-r-ot,H,"State House/Assembly",23,2228.00
dt=1&s=WI&y=2024&c-exi=1&c-r-ot=H&c-t-id=419930&c-r-ot=H,c-t-id,419930,"HEREDIA, AMILLIA",c-t-eid,59984449,"HEREDIA, AMILLIA",c-t-ftsts,Lost-Primary,Lost-Primary,c-t-sts,2,Lost,c-t-pt,33,DEMOCRATIC,c-t-p,1,Democratic,s,WI,WI,y,2024,2024,c-r-t,1,Standard,c-r-osid,8657,"ASSEMBLY DISTRICT 011",c-t-ico,O,Open,c-r-ot,H,"State House/Assembly",27,1887.85
dt=1&s=WI&y=2024&c-exi=1&c-r-ot=H&c-t-id=419951&c-r-ot=H,c-t-id,419951,"ANDERSON, KEVIN",c-t-eid,59984463,"ANDERSON, KEVIN",c-t-ftsts,Lost-General,Lost-General,c-t-sts,2,Lost,c-t-pt,139,REPUBLICAN,c-t-p,2,Republican,s,WI,WI,y,2024,2024,c-r-t,1,Standard,c-r-osid,8664,"ASSEMBLY DISTRICT 018",c-t-ico,I,Incumbent,c-r-ot,H,"State House/Assembly",3,1525.00
dt=1&s=WI&y=2024&c-exi=1&c-r-ot=H&c-t-id=419934&c-r-ot=H,c-t-id,419934,"GORDON, DECORAH",c-t-eid,59984452,"GORDON, DECORAH",c-t-ftsts,Lost-Primary,Lost-Primary,c-t-sts,2,Lost,c-t-pt,33,DEMOCRATIC,c-t-p,1,Democratic,s,WI,WI,y,2024,2024,c-r-t,1,Standard,c-r-osid,8658,"ASSEMBLY DISTRICT 012",c-t-ico,O,Open,c-r-ot,H,"State House/Assembly",10,1306.19
dt=1&s=WI&y=2024&c-exi=1&c-r-ot=H&c-t-id=420062&c-r-ot=H,c-t-id,420062,"LAVRENZ, JOE",c-t-eid,45432084,"LAVRENZ, JOE",c-t-ftsts,Lost-General,Lost-General,c-t-sts,2,Lost,c-t-pt,33,DEMOCRATIC,c-t-p,1,Democratic,s,WI,WI,y,2024,2024,c-r-t,1,Standard,c-r-osid,8706,"ASSEMBLY DISTRICT 060",c-t-ico,O,Open,c-r-ot,H,"State House/Assembly",2,1250.00
dt=1&s=WI&y=2024&c-exi=1&c-r-ot=H&c-t-id=420166&c-r-ot=H,c-t-id,420166,"PRIDEMORE, DONALD (DON)",c-t-eid,2909546,"PRIDEMORE, DONALD (DON)",c-t-ftsts,Lost-Primary,Lost-Primary,c-t-sts,2,Lost,c-t-pt,139,REPUBLICAN,c-t-p,2,Republican,s,WI,WI,y,2024,2024,c-r-t,1,Standard,c-r-osid,8744,"ASSEMBLY DISTRICT 098",c-t-ico,O,Open,c-r-ot,H,"State House/Assembly",6,1175.00
dt=1&s=WI&y=2024&c-exi=1&c-r-ot=H&c-t-id=420128&c-r-ot=H,c-t-id,420128,"SCHINDLER, JILL",c-t-eid,59984537,"SCHINDLER, JILL",c-t-ftsts,Lost-General,Lost-General,c-t-sts,2,Lost,c-t-pt,33,DEMOCRATIC,c-t-p,1,Democratic,s,WI,WI,y,2024,2024,c-r-t,1,Standard,c-r-osid,8729,"ASSEMBLY DISTRICT 083",c-t-ico,C,Challenger,c-r-ot,H,"State House/Assembly",6,757.43
dt=1&s=WI&y=2024&c-exi=1&c-r-ot=H&c-t-id=419937&c-r-ot=H,c-t-id,419937,"MORRISON, KATRINA BLOSSOM",c-t-eid,59984455,"MORRISON, KATRINA BLOSSOM",c-t-ftsts,Lost-Primary,Lost-Primary,c-t-sts,2,Lost,c-t-pt,33,DEMOCRATIC,c-t-p,1,Democratic,s,WI,WI,y,2024,2024,c-r-t,1,Standard,c-r-osid,8658,"ASSEMBLY DISTRICT 012",c-t-ico,O,Open,c-r-ot,H,"State House/Assembly",13,578.00
dt=1&s=WI&y=2024&c-exi=1&c-r-ot=H&c-t-id=420065&c-r-ot=H,c-t-id,420065,"GOMEZ, MARTIN TONTOE",c-t-eid,59984503,"GOMEZ, MARTIN TONTOE",c-t-ftsts,Lost-Primary,Lost-Primary,c-t-sts,2,Lost,c-t-pt,139,REPUBLICAN,c-t-p,2,Republican,s,WI,WI,y,2024,2024,c-r-t,1,Standard,c-r-osid,8707,"ASSEMBLY DISTRICT 061",c-t-ico,C,Challenger,c-r-ot,H,"State House/Assembly",1,400.00
dt=1&s=WI&y=2024&c-exi=1&c-r-ot=H&c-t-id=420075&c-r-ot=H,c-t-id,420075,"KUETHER, CHRISTIAN",c-t-eid,59984511,"KUETHER, CHRISTIAN",c-t-ftsts,Disqualified-Primary,Disqualified-Primary,c-t-sts,6,Disqualified,c-t-pt,139,REPUBLICAN,c-t-p,2,Republican,s,WI,WI,y,2024,2024,c-r-t,1,Standard,c-r-osid,8712,"ASSEMBLY DISTRICT 066",c-t-ico,O,Open,c-r-ot,H,"State House/Assembly",4,350.00
dt=1&s=WI&y=2024&c-exi=1&c-r-ot=H&c-t-id=420143&c-r-ot=H,c-t-id,420143,"COLLINS, PHIL",c-t-eid,55834426,"COLLINS, PHIL",c-t-ftsts,Lost-Primary,Lost-Primary,c-t-sts,2,Lost,c-t-pt,139,REPUBLICAN,c-t-p,2,Republican,s,WI,WI,y,2024,2024,c-r-t,1,Standard,c-r-osid,8734,"ASSEMBLY DISTRICT 088",c-t-ico,O,Open,c-r-ot,H,"State House/Assembly",4,225.00
dt=1&s=WI&y=2024&c-exi=1&c-r-ot=H&c-t-id=420084&c-r-ot=H,c-t-id,420084,"KELLEY, JOSHUA STEVEN",c-t-eid,59984515,"KELLEY, JOSHUA STEVEN",c-t-ftsts,Lost-General,Lost-General,c-t-sts,2,Lost,c-t-pt,62,INDEPENDENT,c-t-p,3,Third-Party,s,WI,WI,y,2024,2024,c-r-t,1,Standard,c-r-osid,8715,"ASSEMBLY DISTRICT 069",c-t-ico,C,Challenger,c-r-ot,H,"State House/Assembly",6,200.10
dt=1&s=WI&y=2024&c-exi=1&c-r-ot=H&c-t-id=419991&c-r-ot=H,c-t-id,419991,"CEGIELSKI, ANDREW",c-t-eid,59984478,"CEGIELSKI, ANDREW",c-t-ftsts,Lost-Primary,Lost-Primary,c-t-sts,2,Lost,c-t-pt,139,REPUBLICAN,c-t-p,2,Republican,s,WI,WI,y,2024,2024,c-r-t,1,Standard,c-r-osid,8679,"ASSEMBLY DISTRICT 033",c-t-ico,C,Challenger,c-r-ot,H,"State House/Assembly",12,90.37
dt=1&s=WI&y=2024&c-exi=1&c-r-ot=H&c-t-id=419996&c-r-ot=H,c-t-id,419996,"MAYR, TODD",c-t-eid,59984481,"MAYR, TODD",c-t-ftsts,Lost-Primary,Lost-Primary,c-t-sts,2,Lost,c-t-pt,139,REPUBLICAN,c-t-p,2,Republican,s,WI,WI,y,2024,2024,c-r-t,1,Standard,c-r-osid,8681,"ASSEMBLY DISTRICT 035",c-t-ico,C,Challenger,c-r-ot,H,"State House/Assembly",6,21.06
dt=1&s=WI&y=2024&c-exi=1&c-r-ot=H&c-t-id=419925&c-r-ot=H,c-t-id,419925,"ANTCZAK, RYAN MICHAEL",c-t-eid,55649605,"ANTCZAK, RYAN MICHAEL",c-t-ftsts,Lost-General,Lost-General,c-t-sts,2,Lost,c-t-pt,139,REPUBLICAN,c-t-p,2,Republican,s,WI,WI,y,2024,2024,c-r-t,1,Standard,c-r-osid,8655,"ASSEMBLY DISTRICT 009",c-t-ico,O,Open,c-r-ot,H,"State House/Assembly",0,0.00
dt=1&s=WI&y=2024&c-exi=1&c-r-ot=H&c-t-id=419936&c-r-ot=H,c-t-id,419936,"ALEXANDER, DEANNA",c-t-eid,59984454,"ALEXANDER, DEANNA",c-t-ftsts,Lost-General,Lost-General,c-t-sts,2,Lost,c-t-pt,62,INDEPENDENT,c-t-p,3,Third-Party,s,WI,WI,y,2024,2024,c-r-t,1,Standard,c-r-osid,8658,"ASSEMBLY DISTRICT 012",c-t-ico,O,Open,c-r-ot,H,"State House/Assembly",0,0.00
dt=1&s=WI&y=2024&c-exi=1&c-r-ot=H&c-t-id=419941&c-r-ot=H,c-t-id,419941,"SHEVEY, STEVEN",c-t-eid,59984457,"SHEVEY, STEVEN",c-t-ftsts,Lost-General,Lost-General,c-t-sts,2,Lost,c-t-pt,62,INDEPENDENT,c-t-p,3,Third-Party,s,WI,WI,y,2024,2024,c-r-t,1,Standard,c-r-osid,8660,"ASSEMBLY DISTRICT 014",c-t-ico,O,Open,c-r-ot,H,"State House/Assembly",0,0.00
dt=1&s=WI&y=2024&c-exi=1&c-r-ot=H&c-t-id=419950&c-r-ot=H,c-t-id,419950,"SMITHER, STACEY",c-t-eid,59984462,"SMITHER, STACEY",c-t-ftsts,Withdrew-Primary,Withdrew-Primary,c-t-sts,7,Withdrew,c-t-pt,139,REPUBLICAN,c-t-p,2,Republican,s,WI,WI,y,2024,2024,c-r-t,1,Standard,c-r-osid,8663,"ASSEMBLY DISTRICT 017",c-t-ico,O,Open,c-r-ot,H,"State House/Assembly",0,0.00
dt=1&s=WI&y=2024&c-exi=1&c-r-ot=H&c-t-id=419952&c-r-ot=H,c-t-id,419952,"KENNEDY, ANGELA",c-t-eid,59984464,"KENNEDY, ANGELA",c-t-ftsts,Lost-Primary,Lost-Primary,c-t-sts,2,Lost,c-t-pt,33,DEMOCRATIC,c-t-p,1,Democratic,s,WI,WI,y,2024,2024,c-r-t,1,Standard,c-r-osid,8664,"ASSEMBLY DISTRICT 018",c-t-ico,O,Open,c-r-ot,H,"State House/Assembly",0,0.00
dt=1&s=WI&y=2024&c-exi=1&c-r-ot=H&c-t-id=419978&c-r-ot=H,c-t-id,419978,"HASKIN, SETH",c-t-eid,59984473,"HASKIN, SETH",c-t-ftsts,Lost-General,Lost-General,c-t-sts,2,Lost,c-t-pt,62,INDEPENDENT,c-t-p,3,Third-Party,s,WI,WI,y,2024,2024,c-r-t,1,Standard,c-r-osid,8674,"ASSEMBLY DISTRICT 028",c-t-ico,C,Challenger,c-r-ot,H,"State House/Assembly",0,0.00
dt=1&s=WI&y=2024&c-exi=1&c-r-ot=H&c-t-id=420067&c-r-ot=H,c-t-id,420067,"KINDERMAN, SCOTT",c-t-eid,59984505,"KINDERMAN, SCOTT",c-t-ftsts,Disqualified-Primary,Disqualified-Primary,c-t-sts,6,Disqualified,c-t-pt,33,DEMOCRATIC,c-t-p,1,Democratic,s,WI,WI,y,2024,2024,c-r-t,1,Standard,c-r-osid,8708,"ASSEMBLY DISTRICT 062",c-t-ico,O,Open,c-r-ot,H,"State House/Assembly",0,0.00
dt=1&s=WI&y=2024&c-exi=1&c-r-ot=H&c-t-id=420085&c-r-ot=H,c-t-id,420085,"HUNT, ISAAC",c-t-eid,59984516,"HUNT, ISAAC",c-t-ftsts,Lost-General,Lost-General,c-t-sts,2,Lost,c-t-pt,772,"THIRD PARTY",c-t-p,3,Third-Party,s,WI,WI,y,2024,2024,c-r-t,1,Standard,c-r-osid,8715,"ASSEMBLY DISTRICT 069",c-t-ico,C,Challenger,c-r-ot,H,"State House/Assembly",0,0.00
dt=1&s=WI&y=2024&c-exi=1&c-r-ot=H&c-t-id=420095&c-r-ot=H,c-t-id,420095,"SCHEDER, WILLIAM JAMES",c-t-eid,59984524,"SCHEDER, WILLIAM JAMES",c-t-ftsts,Lost-General,Lost-General,c-t-sts,2,Lost,c-t-pt,33,DEMOCRATIC,c-t-p,1,Democratic,s,WI,WI,y,2024,2024,c-r-t,1,Standard,c-r-osid,8717,"ASSEMBLY DISTRICT 071",c-t-ico,O,Open,c-r-ot,H,"State House/Assembly",0,0.00
